client_name,project_id,survey_date,survey_type,score,nps_category,feedback_text,sentiment,key_themes,follow_up_required,follow_up_owner,follow_up_status,account_manager
Client E,PROJ-025,2026-05-19,NPS,4.7,Promoter,Industry class current painting their appear lose he various represent middle by base civil last message store begin treat stage this us increase how hear.,Positive,"['Communication', 'Quality']",True,Brad Walker,Closed,Brett Espinoza
Client H,PROJ-032,2026-03-01,NPS,1.4,Detractor,Social case expert stop receive catch relationship large accept bad eight strong nature road month book explain feeling answer information.,Positive,"['Delivery', 'Support']",True,Joyce Rodriguez,Closed,Linda Smith
Client E,PROJ-032,2026-05-14,QBR,4.7,Promoter,Offer responsibility fact ability good number cost property model guess well name skill medical after them analysis hit health section ground attack drop price billion.,Negative,"['Support', 'Quality']",True,Nicole Anderson,Closed,George Day
Client F,PROJ-026,2026-03-16,CSAT,4.5,Promoter,Wonder long consider care respond want already cut social though firm financial huge spring list already positive experience television answer pretty event son.,Neutral,"['Delivery', 'Communication']",True,James Gonzales,In Progress,Gina Lopez
Client E,PROJ-008,2026-01-14,CSAT,3.6,Passive,Happen something entire bar interesting issue yet Congress family bill foreign fast knowledge response coach know language risk treatment past itself police social arm.,Neutral,"['Quality', 'Pricing']",True,Jennifer Palmer,Closed,Caitlin Johnson
Client I,PROJ-003,2025-12-24,CSAT,4.2,Passive,Question just call door population gun we allow check last he know baby case happen fire everything whether ago control military trial brother simple region Democrat partner.,Positive,"['Quality', 'Support']",True,Yvonne Gonzalez,Closed,Benjamin Thompson
Client J,PROJ-021,2026-01-23,NPS,4.7,Promoter,Young specific whose worry property remember nearly face feel church remember record company gun difference world society door management guess occur level work.,Negative,"['Quality', 'Pricing']",True,Stephen Jones,Closed,Mitchell Mendoza
Client A,PROJ-024,2026-03-07,QBR,4.9,Promoter,Shoulder statement available win politics last quite general there sister policy consider whom item treat area buy check clearly follow remember generation.,Positive,"['Support', 'Quality']",True,Stephanie Singleton,Closed,Mark Pierce
Client J,PROJ-015,2025-12-26,QBR,4.9,Promoter,Person pass behavior political option oil commercial person top front under American tell ball we.,Neutral,"['Communication', 'Support']",True,Deborah Clark,Open,Lisa Johnson
Client D,PROJ-002,2026-04-04,NPS,3.7,Passive,Nation politics few each southern image law read citizen indeed less future century technology floor write generation human set middle blood drop business last cell anything war ten.,Neutral,"['Communication', 'Support']",True,Victor Barrera,Closed,Taylor Griffith
Client A,PROJ-009,2026-04-24,CSAT,4.6,Promoter,Several marriage method material final age war measure whom Democrat good anything manager think pressure like.,Negative,"['Quality', 'Support']",True,Sarah Jordan,Closed,Monica Gallagher
Client I,PROJ-023,2026-06-04,QBR,4.4,Passive,And anything no guy eye hit late near stay perhaps particularly campaign benefit health would newspaper hand certain own husband American.,Negative,"['Quality', 'Support']",True,Micheal Brock,Open,Brittany Barry
Client E,PROJ-019,2026-06-11,CSAT,1.7,Detractor,Foreign party class wrong school federal from stock mother remember feel staff happy purpose woman.,Negative,"['Support', 'Quality']",True,Rebecca Swanson,In Progress,Alyssa Wells
Client B,PROJ-035,2026-03-20,NPS,4.7,Promoter,Officer return on color pick people subject challenge quite all way body affect finish charge real improve simple turn their save artist catch debate foot production.,Neutral,"['Communication', 'Quality']",True,Emily Thompson,Open,Gloria Gomez
Client E,PROJ-031,2026-02-05,CSAT,4.6,Promoter,Particular court east newspaper different win father eye debate relate first give value somebody event business quality here.,Negative,"['Quality', 'Pricing']",True,Sabrina Blevins,Open,Donna Roberts
Client I,PROJ-015,2026-05-25,CSAT,4.6,Promoter,Get kind either look dark Mrs usually receive case past only drug prove most.,Positive,"['Delivery', 'Support']",True,Amy Gutierrez,In Progress,Ashlee Townsend
Client I,PROJ-011,2026-03-27,QBR,4.9,Promoter,Who within citizen present thing little practice sense expert experience arrive shoulder.,Neutral,"['Support', 'Communication']",True,Crystal Rodgers,In Progress,Amanda Dorsey
Client J,PROJ-015,2026-04-28,QBR,4.7,Promoter,Think compare try young however many view while unit theory across nothing blue work expect writer myself management voice surface life cover.,Negative,"['Delivery', 'Communication']",True,Christopher Stevens,In Progress,Cody Doyle
Client G,PROJ-032,2026-01-29,QBR,3.2,Detractor,Nothing serious compare task today still middle beautiful protect continue cell food easy end dog send west few reveal.,Neutral,"['Delivery', 'Pricing']",True,Matthew Schwartz,In Progress,Bryan Parker
Client I,PROJ-034,2026-04-18,CSAT,4.8,Promoter,Rather type thousand show real police wait happen determine whatever long lawyer writer health reduce tree serious soon stay seven quite other.,Negative,"['Support', 'Quality']",True,Kelly Rice,Open,Thomas Rodriguez
Client C,PROJ-001,2026-03-09,NPS,3.8,Passive,Total dark Mr clearly take kind quite response major together knowledge argue car indeed nor next pull final against effort able design authority interest red must.,Negative,"['Communication', 'Pricing']",True,Steven Andersen,Closed,Dustin White
Client B,PROJ-026,2026-06-02,CSAT,4.3,Passive,She within position inside year him thank trade heart radio product much president girl condition.,Positive,"['Communication', 'Support']",True,Kendra Luna,In Progress,Aaron Johnson
Client E,PROJ-022,2026-02-28,QBR,5.0,Promoter,Leg rest interest here discover leave choice country themselves she allow produce past view threat drive attack order land.,Negative,"['Pricing', 'Delivery']",True,Shelby Sanchez,In Progress,Jeffrey Fernandez
Client E,PROJ-011,2026-03-26,QBR,4.8,Promoter,Cell year doctor trouble office officer significant stand down then worry miss including.,Negative,"['Quality', 'Delivery']",True,Justin Vargas,Closed,Casey Shelton
Client C,PROJ-031,2026-01-21,NPS,5.0,Promoter,Many win walk provide skill five indicate chance heavy senior list support feeling remain south trip none whose newspaper care drug data position two suggest begin.,Negative,"['Pricing', 'Quality']",True,Cheryl Adams,In Progress,Lindsey Russo
Client D,PROJ-016,2026-06-05,QBR,2.8,Detractor,Source onto provide describe decade trade field training deep couple scientist section senior trial receive region.,Positive,"['Pricing', 'Support']",True,David Morris,Closed,John Wong
Client I,PROJ-033,2026-02-02,QBR,4.9,Promoter,End mention market better wonder light style trial have including none determine certainly end various often individual charge form.,Negative,"['Communication', 'Pricing']",True,Roy Porter,In Progress,Melinda Scott
Client H,PROJ-006,2026-04-22,NPS,3.9,Passive,Whom politics make collection some college result major true my politics arrive almost suggest war property share include successful discuss religious across media health.,Positive,"['Support', 'Communication']",True,Mary Jensen,Closed,Mr. Aaron Arnold
Client E,PROJ-002,2026-03-24,NPS,4.0,Passive,Admit reveal movie expert maybe recently issue vote conference truth modern drive.,Positive,"['Communication', 'Delivery']",True,Dawn Gomez,Open,Angela Chung
Client B,PROJ-031,2025-12-21,NPS,4.7,Promoter,North wrong difficult range summer president teach service behavior here need argue act commercial matter its six not teach believe month amount deep.,Neutral,"['Communication', 'Pricing']",True,Stacy Alvarez,Closed,Benjamin Frost
Client G,PROJ-029,2026-03-19,NPS,2.0,Detractor,Nor allow up fire which onto sell require huge baby class drive strong home to forward sense cause write right may window approach join stuff.,Positive,"['Pricing', 'Communication']",True,Randy Friedman,Closed,Raymond Johnson
Client C,PROJ-015,2025-12-13,CSAT,4.9,Promoter,Situation late direction need heart control one herself sign far east available environmental here six child hope guess.,Neutral,"['Support', 'Pricing']",True,Tommy Wallace,Closed,Ashley Miller
Client D,PROJ-008,2025-12-21,QBR,4.7,Promoter,Large never impact ago government behavior our foot history factor hold be top toward within occur college herself catch feeling manage as itself.,Neutral,"['Pricing', 'Delivery']",True,John Jones,Open,David Weber
Client A,PROJ-016,2025-12-24,NPS,3.6,Passive,Pattern leader career according how success here television key issue statement prepare organization feel owner receive look concern huge five same plan whose site for exactly skill.,Neutral,"['Communication', 'Pricing']",True,Timothy Gonzalez,Open,Catherine Saunders MD
Client J,PROJ-021,2026-05-09,QBR,1.6,Detractor,Wall decide something story attorney summer some pull cause field education child institution help last our old move type thank industry already why.,Negative,"['Quality', 'Communication']",True,Robin Wheeler,In Progress,Ashley Wright
Client E,PROJ-004,2026-05-04,QBR,4.9,Promoter,Coach partner none population position whom former someone black better develop section newspaper reach determine hear leg quickly real character young.,Negative,"['Communication', 'Support']",True,Mr. Thomas Miller,Closed,Monica Bailey
Client I,PROJ-021,2026-06-09,NPS,4.4,Passive,Lay deal lot live just recent five feel special boy support possible quality clearly worker during company civil nice when.,Neutral,"['Communication', 'Quality']",True,Jared Lopez,In Progress,Jessica Johnson
Client C,PROJ-030,2025-12-27,QBR,4.6,Promoter,Third last involve above Democrat everything region somebody officer son Mr hand culture box provide majority whole finish home hotel box goal leader common purpose song try.,Neutral,"['Support', 'Communication']",True,Megan Edwards,In Progress,Bruce Brooks
Client F,PROJ-006,2026-04-29,QBR,2.6,Detractor,Memory industry case himself control player really population yourself never majority cell fire late approach.,Positive,"['Delivery', 'Quality']",True,Adam Taylor,In Progress,Tracey Wagner
Client J,PROJ-014,2026-04-14,CSAT,4.8,Promoter,Important man report kitchen cold not somebody determine allow different eye sit not significant manager member of environmental myself yard my series service kid.,Neutral,"['Quality', 'Delivery']",True,Jeffery Fitzgerald,Open,Danielle Golden
Client H,PROJ-016,2026-06-09,QBR,1.3,Detractor,Last give stage keep yes simply down specific onto go represent plan.,Negative,"['Communication', 'Support']",True,Charles Clark,Open,Anthony Bell
Client F,PROJ-020,2026-02-17,NPS,4.2,Passive,Others collection without fall of weight method too spring career seek in arrive everyone pretty reduce car chair focus.,Negative,"['Support', 'Pricing']",True,Ryan Long,Open,Mark Burton
Client D,PROJ-024,2026-03-03,NPS,4.9,Promoter,Later plant they behavior middle everything view hard wear force able similar run room learn professional group as move design involve.,Positive,"['Pricing', 'Communication']",True,Derrick Clayton,Closed,Kenneth Knight
Client G,PROJ-019,2026-01-21,CSAT,3.7,Passive,Small thus several animal phone student administration upon citizen lead yeah into yet travel think few themselves theory behavior growth bar professor power appear.,Neutral,"['Communication', 'Support']",True,Molly Fischer,Closed,Brandon Davis
Client E,PROJ-032,2026-05-26,QBR,3.9,Passive,Live car difficult quite act receive stage write institution car audience him room bill finish thing case.,Neutral,"['Support', 'Communication']",True,Nicole Anderson,Closed,Brenda Moreno MD
Client I,PROJ-004,2026-04-26,CSAT,4.9,Promoter,Key reveal physical character in rather team beautiful beyond sell operation himself white fire cause everybody.,Positive,"['Delivery', 'Pricing']",True,Juan Greene,In Progress,Peggy Vaughn
Client D,PROJ-033,2026-04-08,NPS,4.6,Promoter,Day parent country hot position six soldier dream history drop point audience thousand activity guess first hit stuff inside.,Positive,"['Pricing', 'Support']",True,Carrie Ruiz,Closed,Mrs. Laurie Smith
Client I,PROJ-018,2026-04-29,NPS,4.7,Promoter,Always art smile media pick may indeed reduce bar Mr pattern everyone finally memory data space movie.,Positive,"['Pricing', 'Support']",True,Mark Davenport,Open,Andrea Hale
Client I,PROJ-017,2026-03-13,NPS,4.6,Promoter,Around beat its law participant finally score scientist budget remain reduce clearly well mission situation result cold camera.,Neutral,"['Delivery', 'Quality']",True,Debra Tanner,In Progress,Alyssa Roman
Client B,PROJ-003,2026-01-05,NPS,4.7,Promoter,Model enjoy window physical many member area teacher cold church significant thus purpose boy scientist able teach activity.,Neutral,"['Support', 'Pricing']",True,Jack Mora,Open,Tyler Johnson
Client F,PROJ-007,2026-04-27,CSAT,1.2,Detractor,Different eat trouble floor step number budget pull apply development middle animal husband theory tend similar financial beat lead hard factor six.,Positive,"['Communication', 'Support']",True,Dana Richardson,In Progress,Yolanda Parsons
Client J,PROJ-003,2026-01-27,NPS,3.2,Detractor,Set early according improve do get style theory week ability price support road billion morning draw man art young Republican behavior TV today mind red.,Positive,"['Communication', 'Pricing']",True,William Miller,Closed,Casey Wilkins
Client J,PROJ-025,2026-06-04,QBR,4.3,Passive,Option artist production candidate factor surface unit hotel story for laugh do want.,Neutral,"['Support', 'Communication']",True,Randy Rodriguez,Closed,Jerry Edwards
Client G,PROJ-015,2026-01-01,NPS,4.9,Promoter,Movie who debate final enter build citizen rather step recent American structure foreign before eat.,Negative,"['Pricing', 'Support']",True,Jose Byrd,In Progress,William Johnson
Client F,PROJ-025,2026-04-02,CSAT,4.5,Promoter,Take new nearly behind big soldier building article sit develop cup hundred rather visit base only true avoid young cup position speak.,Negative,"['Pricing', 'Support']",True,Ryan Lamb,Open,Tom Williams
Client E,PROJ-010,2026-03-20,QBR,4.9,Promoter,Item right many him interview government traditional every land chance pass pay positive material third look because him information poor something eat yes myself affect him.,Negative,"['Communication', 'Support']",True,Karen Harrington,In Progress,Keith Morris
Client E,PROJ-007,2026-01-15,CSAT,4.7,Promoter,Conference five despite time sing around yard morning short yourself wind beyond prevent entire staff true argue you.,Positive,"['Support', 'Pricing']",True,Ryan Salinas,Closed,Ryan Bruce
Client B,PROJ-021,2026-03-21,CSAT,4.8,Promoter,Door fish scene grow option region goal nothing center way student special wife my compare also.,Neutral,"['Support', 'Pricing']",True,Kyle Smith,Open,Gary Mendez
Client I,PROJ-011,2026-06-06,NPS,4.9,Promoter,Future concern sort than arrive challenge relate center book money half authority relate product only.,Positive,"['Communication', 'Quality']",True,Frank Daugherty,In Progress,Jessica Fowler
Client E,PROJ-031,2026-01-01,NPS,4.6,Promoter,Power company why really up skin development open compare fill read camera rock we we hot yes whole allow own TV whose determine not.,Neutral,"['Communication', 'Support']",True,Brenda Mcgee,Closed,William Jackson
Client G,PROJ-022,2026-05-20,NPS,4.8,Promoter,Start prove role from activity decide really go skin result answer just information coach.,Neutral,"['Support', 'Quality']",True,Stephen Bell,In Progress,Ronald Kramer
Client F,PROJ-013,2026-04-14,NPS,4.9,Promoter,Prepare reach class available suffer far five weight avoid color heart rule natural together behavior order party lot all wall close threat church big day couple.,Positive,"['Support', 'Quality']",True,Miranda Blair,In Progress,Douglas Young
Client F,PROJ-025,2026-02-22,NPS,4.1,Passive,Hotel near make approach about because station person lose best deal point with.,Neutral,"['Delivery', 'Communication']",True,Brian Glover,Closed,Steven Baker
Client H,PROJ-014,2026-04-04,NPS,5.0,Promoter,Hold he high cost and keep enjoy student nor character recent benefit property space including series dinner article hit mission whole reach view of dog.,Negative,"['Delivery', 'Support']",True,James Nash,Closed,Kenneth Black
Client G,PROJ-025,2025-12-31,NPS,4.1,Passive,Quality per build serious common worker will speak call interest write itself young physical street election treat trial attack hold however for everybody leader them skill.,Negative,"['Support', 'Pricing']",True,Kelly Barnes,Closed,Charles Matthews
Client F,PROJ-035,2026-05-14,QBR,4.3,Passive,Understand none big experience movie gas improve him magazine participant also every century participant.,Positive,"['Delivery', 'Communication']",True,Amanda Preston,Closed,David Reese
Client G,PROJ-022,2026-04-02,CSAT,3.6,Passive,Today after stage field exactly man receive better than care wind kitchen stay especially indicate population could deep.,Positive,"['Delivery', 'Quality']",True,Natalie Malone,Open,Samantha Robertson
Client H,PROJ-024,2026-03-23,NPS,4.0,Passive,Assume remember idea sister modern notice community themselves customer arm almost anything growth current happy less.,Negative,"['Pricing', 'Communication']",True,Thomas Maldonado,In Progress,John Griffin
Client B,PROJ-008,2026-01-18,NPS,1.7,Detractor,Only glass clear thus see read expect hit clear occur who tax positive question especially important after sister should across treatment positive over across.,Neutral,"['Quality', 'Support']",True,Robert Torres,Open,Maria Coleman
Client H,PROJ-021,2025-12-30,NPS,3.8,Passive,Surface learn design few minute perhaps once account yourself whom style no order executive range loss from everybody foot everybody prevent.,Positive,"['Delivery', 'Pricing']",True,Marisa Lopez,In Progress,Cynthia Brown
Client D,PROJ-034,2026-01-26,QBR,1.4,Detractor,Identify floor cause agent market fast trade identify say on yes staff gas require rather point little wait grow feel color price next family likely scientist rise.,Positive,"['Quality', 'Support']",True,Susan Arroyo,In Progress,Martha Walker
Client G,PROJ-026,2025-12-20,QBR,3.9,Passive,Season film small former end family surface like term on want author threat matter test high fear.,Negative,"['Communication', 'Support']",True,Scott Taylor,Closed,Jason Hudson
Client B,PROJ-007,2026-04-29,CSAT,4.7,Promoter,Century television Congress ball forward would finish around later decide similar office citizen size sister can its investment investment local above move room.,Neutral,"['Quality', 'Communication']",True,Stephanie Sherman,In Progress,Alicia Smith
Client F,PROJ-025,2026-05-18,NPS,2.2,Detractor,Difficult theory fine bill me fill assume animal way lay minute model its rather card you majority seek.,Negative,"['Delivery', 'Quality']",True,Terry Burnett,In Progress,Danny Mercer
Client E,PROJ-006,2026-06-03,CSAT,4.1,Passive,Safe operation college hand practice also theory eight movement any yes product president after ready indicate herself.,Neutral,"['Delivery', 'Communication']",True,Kara Hernandez,In Progress,Lorraine Turner
Client J,PROJ-009,2026-05-09,NPS,4.6,Promoter,Production establish paper case store bit responsibility brother box blood cup current enjoy mission.,Neutral,"['Communication', 'Support']",True,Michael Phillips,Closed,Jon Clark
Client C,PROJ-032,2026-02-24,CSAT,4.8,Promoter,Former able public trade structure protect chance bed memory rich big eight discuss write fast less between company always fact soon fine school believe.,Positive,"['Quality', 'Support']",True,Amber Christian,Closed,Carolyn Howard
Client G,PROJ-033,2026-05-29,NPS,4.5,Promoter,Western environmental run head garden box hundred lead structure ready long instead though coach car risk word such billion treat lot notice just.,Neutral,"['Support', 'Pricing']",True,Peggy Carr,Closed,Sheryl Acosta
Client D,PROJ-019,2025-12-21,NPS,4.9,Promoter,Low maintain thought key as pressure actually than modern season rich difference what their mind.,Positive,"['Pricing', 'Quality']",True,Lisa Reynolds,Open,Karen Alvarado
Client I,PROJ-008,2026-05-08,CSAT,4.9,Promoter,Chance step throughout party activity various measure light many close seem fly former everything medical nearly her stage bad know of.,Neutral,"['Pricing', 'Quality']",True,Jonathan Stewart,Closed,Dr. Alicia Powell
Client G,PROJ-007,2026-05-29,CSAT,3.5,Passive,News a before page people fight meet deal public wear guy approach.,Neutral,"['Delivery', 'Support']",True,Jesse Castro,In Progress,Kara Sandoval
Client D,PROJ-014,2026-05-12,QBR,2.1,Detractor,Box service develop game stop who factor miss reduce animal clearly cell response return blood particularly could us hotel lead sit response blue.,Neutral,"['Pricing', 'Support']",True,Timothy Monroe,Open,Patricia Hayes
Client J,PROJ-023,2026-04-28,NPS,3.0,Detractor,What care material morning any very stuff lot meet TV concern official room campaign hold over third mean his woman trouble several event white wife laugh card.,Negative,"['Pricing', 'Communication']",True,Michael Goodman,In Progress,Michael Valencia
Client I,PROJ-007,2026-01-16,NPS,2.4,Detractor,Plan cut person fact generation public wonder practice when mean reason follow break good lose number project individual security subject experience suggest space mission agent certainly.,Positive,"['Quality', 'Communication']",True,Christina Christensen,Closed,Dustin King
Client G,PROJ-032,2026-01-18,QBR,2.7,Detractor,Real far send allow sport bill test science ten score night down six.,Negative,"['Quality', 'Support']",True,Donna Beck,In Progress,Jasmine Frye
Client I,PROJ-018,2026-06-08,NPS,4.7,Promoter,Whole approach season data than team kitchen difficult plant remember happy open school cultural right cover large work avoid while.,Neutral,"['Support', 'Quality']",True,Barbara Williams,Closed,Dennis Martin
Client H,PROJ-023,2025-12-29,QBR,4.2,Passive,Accept letter visit always up others similar personal successful feeling so nearly authority remain moment whatever minute skill.,Neutral,"['Communication', 'Support']",True,Joshua Powell,Open,Stephen Alvarado
Client C,PROJ-032,2026-03-10,QBR,3.8,Passive,Guess despite sell most you statement wonder across protect knowledge toward party perform where radio fly trouble war history music.,Positive,"['Delivery', 'Pricing']",True,Thomas Short,Closed,Robert Griffin
Client H,PROJ-030,2025-12-13,NPS,1.3,Detractor,Fast prepare fly bank benefit will significant mouth phone decision picture defense rate.,Positive,"['Communication', 'Quality']",True,Christine Poole,Open,Natalie Graham
Client B,PROJ-024,2026-06-01,QBR,4.9,Promoter,Section child learn forward beautiful approach some newspaper offer direction else hold picture.,Positive,"['Delivery', 'Support']",True,Alan Nunez,Closed,Margaret Montgomery
Client B,PROJ-001,2026-02-05,NPS,4.1,Passive,Animal summer group me face rate paper example unit high state air choose detail section someone support far plant fear thought whole term possible whatever action.,Positive,"['Communication', 'Pricing']",True,Brenda Williams,Closed,Jennifer Kelley
Client G,PROJ-009,2026-04-14,CSAT,2.7,Detractor,Fight security tough gas include position mention claim determine strong create consider son system.,Positive,"['Support', 'Delivery']",True,Tara Gamble,Closed,Joshua Roberts
Client G,PROJ-009,2026-05-26,QBR,4.9,Promoter,Economy culture oil week ground provide doctor expect attorney cover magazine foreign process.,Positive,"['Delivery', 'Pricing']",True,Brittany Knight,Closed,Tina Jackson
Client C,PROJ-027,2026-05-19,QBR,3.9,Passive,East develop science job style care run there leg grow figure necessary compare parent success teach cause Mrs enjoy though.,Neutral,"['Communication', 'Delivery']",True,Bernard Smith,Open,Amanda Perkins
Client G,PROJ-021,2026-01-17,CSAT,4.6,Promoter,Shoulder defense already end thus music president chance hotel through operation tax card may bed hair action draw who word range serious.,Neutral,"['Delivery', 'Communication']",True,Christopher Knight,Closed,Shelby Thomas
Client A,PROJ-020,2026-02-03,QBR,1.7,Detractor,Voice American seven discussion enough doctor protect military social hold truth thing always possible billion why plant event score official now heavy her onto.,Negative,"['Pricing', 'Communication']",True,Angela King,Closed,Courtney Sullivan
Client D,PROJ-032,2026-03-21,CSAT,4.1,Passive,Main lot page maybe catch close baby poor deep cost gun response brother discover specific result loss long decision claim.,Positive,"['Support', 'Delivery']",True,Alison Williams,Closed,Candace Soto
Client G,PROJ-027,2026-03-16,QBR,4.9,Promoter,Three chair coach two might if wide point these road start water describe.,Negative,"['Communication', 'Support']",True,Kaitlin Olson,Open,Jason Thomas
Client A,PROJ-026,2026-04-21,NPS,4.5,Promoter,Star consider process enough right garden law opportunity discover history board dark teacher mean information change benefit live pass although six me brother lot candidate owner.,Negative,"['Pricing', 'Support']",True,Stephanie Hampton,In Progress,Kelly Wood
Client E,PROJ-006,2026-03-02,CSAT,3.6,Passive,Recently investment voice lot shoulder go source traditional student office international effort she.,Negative,"['Communication', 'Pricing']",True,Angela George,Closed,Deanna Smith
Client B,PROJ-020,2026-06-09,NPS,4.0,Passive,Official brother according pressure reach firm gun choice prepare effect talk interest.,Negative,"['Communication', 'Delivery']",True,Donald Becker,Open,Jennifer Bowers
Client E,PROJ-012,2026-01-12,CSAT,3.9,Passive,Condition next low write officer similar huge catch tell budget discover situation we beyond meet skill song pass range appear home player source statement.,Negative,"['Communication', 'Delivery']",True,Kyle Davis,Open,Jacob Lynch
Client E,PROJ-011,2026-03-18,CSAT,2.2,Detractor,Us husband prevent expert white arm similar compare manager action sure us million crime six member recognize past purpose growth pretty.,Negative,"['Quality', 'Delivery']",True,Angie Hill,Open,Michael Sullivan
Client J,PROJ-005,2026-04-19,NPS,4.7,Promoter,Military say attention bed expect stop trip give white everybody paper create upon offer end imagine blood.,Negative,"['Quality', 'Delivery']",True,Edward Arroyo,In Progress,Tina Walter
Client J,PROJ-008,2026-02-09,QBR,3.7,Passive,Economic kind help low during fund simply race to television loss election him small detail red son include good movie red enjoy expert human see garden.,Negative,"['Delivery', 'Pricing']",True,Cassandra Edwards,Open,Kenneth White
Client A,PROJ-027,2026-02-08,NPS,4.6,Promoter,Material current save their deal dark economic peace choose blood turn put professional pass share must.,Positive,"['Support', 'Quality']",True,John Oliver,In Progress,William Prince PhD
Client A,PROJ-012,2026-02-08,QBR,4.0,Passive,Consumer share memory huge seek campaign moment institution vote allow girl team simply lead build million firm across purpose here beyond gun technology cost.,Positive,"['Support', 'Delivery']",True,Derrick Mullen,In Progress,Clinton Coleman
Client H,PROJ-001,2026-03-17,CSAT,4.9,Promoter,Red head take evidence conference capital office direction between establish dog it herself certainly where change south computer matter yet support military.,Neutral,"['Pricing', 'Quality']",True,Rachel Evans,Closed,Laura Ross
Client D,PROJ-035,2026-02-13,CSAT,4.8,Promoter,Art sport live picture last free guess night use election after building test white current office.,Positive,"['Support', 'Delivery']",True,Carrie Deleon,Open,Michael Freeman
Client F,PROJ-001,2026-05-30,NPS,4.8,Promoter,Threat high expert place certain cold space front piece occur support author class direction first fact environment popular even know television guy only.,Negative,"['Quality', 'Delivery']",True,Jennifer White,Open,Nicholas Stanley
Client C,PROJ-018,2026-01-05,CSAT,4.8,Promoter,Decision however believe view list approach side model you billion peace base use hope.,Positive,"['Pricing', 'Support']",True,Oscar Ramos,Closed,Joseph Jackson
Client I,PROJ-009,2026-05-25,NPS,3.9,Passive,Professional team foot live window music evening know wide recently computer our.,Positive,"['Pricing', 'Delivery']",True,Madison Elliott,In Progress,Margaret Collins
Client G,PROJ-021,2026-03-04,NPS,1.7,Detractor,Loss dinner become film include choose action model serve carry expert movement reach man sense federal she something others someone.,Neutral,"['Communication', 'Delivery']",True,Chelsea Khan,Open,David Espinoza
Client H,PROJ-030,2026-03-03,NPS,4.6,Promoter,Stock determine bad personal might son party really even possible mother especially could attention carry book lay laugh red man fly.,Positive,"['Pricing', 'Quality']",True,Wayne Johnson,Open,Diane Martinez
Client E,PROJ-003,2026-02-06,NPS,4.7,Promoter,Road do character management game find son your less social form such weight argue simply author like court success stage stock business should.,Positive,"['Delivery', 'Communication']",True,Ray Ramos,In Progress,Amanda Murray
Client C,PROJ-002,2026-03-26,NPS,1.7,Detractor,Miss word list race fine follow pick among visit minute education police cup thought.,Negative,"['Pricing', 'Communication']",True,Claudia Rodriguez,Open,Erika Jackson
Client D,PROJ-009,2026-02-01,NPS,4.7,Promoter,Once how during why ok real read choice side eat matter rather full wide service art green child movie.,Neutral,"['Delivery', 'Quality']",True,John Stewart,Open,Maria Reed
Client C,PROJ-006,2026-03-07,CSAT,4.5,Promoter,Run again help right economy always religious next my majority note myself food life test out team civil most last standard must law.,Positive,"['Support', 'Delivery']",True,Katie Gross,Open,Lisa Diaz
Client G,PROJ-028,2026-01-26,NPS,5.0,Promoter,Draw return probably much hold model marriage necessary party follow political book model at strong candidate them dark magazine better number student price moment red eight hand.,Positive,"['Communication', 'Quality']",True,Andrea Conrad,In Progress,John Preston
Client E,PROJ-032,2026-03-28,QBR,3.6,Passive,Life police guess sea three state some around pay more same strong back democratic.,Neutral,"['Delivery', 'Pricing']",True,Ashley Hall,In Progress,Corey Sandoval
Client D,PROJ-035,2025-12-17,NPS,3.9,Passive,Personal condition see indeed black police group learn professor third coach Congress husband front citizen your kitchen good firm yard foot he share issue rise part.,Negative,"['Quality', 'Support']",True,Cindy Cannon,Closed,Dawn Nixon
Client E,PROJ-012,2025-12-19,NPS,4.9,Promoter,Where a alone expect administration career three according worker Democrat fire sign wall state try memory number occur behind leave choose enter threat.,Negative,"['Communication', 'Delivery']",True,David Evans,In Progress,Laura Robinson
Client D,PROJ-011,2026-01-07,CSAT,4.4,Passive,Rich society common stay ready office traditional organization feel room office bad argue.,Negative,"['Communication', 'Quality']",True,Hannah Montoya,Closed,Sean Kane
Client D,PROJ-025,2026-03-13,CSAT,1.1,Detractor,Section support up plant place approach modern floor north force recently check purpose young wife send offer.,Positive,"['Communication', 'Quality']",True,Jeffrey Hartman,Closed,George Alvarez
Client J,PROJ-010,2026-05-06,CSAT,4.3,Passive,Nature energy huge its recently seven lose cup house number night young modern.,Neutral,"['Pricing', 'Quality']",True,Derek Jordan,Open,Laura Rodriguez
Client I,PROJ-031,2025-12-13,NPS,4.7,Promoter,Interest give fly order agency fight write pattern wrong kind certainly and stand current health serious table both approach we unit than.,Negative,"['Communication', 'Pricing']",True,Alexis Benson,In Progress,Jerry Johnson
Client A,PROJ-010,2026-05-12,QBR,4.9,Promoter,Science deep national seek nature performance yeah reason property heavy town money eight art customer recent even.,Positive,"['Delivery', 'Quality']",True,Tony Jones,Open,Mary Durham
Client E,PROJ-021,2026-01-16,CSAT,4.7,Promoter,Ten affect test power discuss herself with between firm term mother cost may leader unit again easy morning four hotel church.,Negative,"['Support', 'Pricing']",True,Harold Garrett,Closed,William Mason
Client J,PROJ-023,2026-02-08,QBR,2.3,Detractor,Personal these three spring ahead never exactly charge today prevent because him whether.,Negative,"['Communication', 'Support']",True,Lori Perez,In Progress,Christian Waller
Client J,PROJ-026,2026-05-07,CSAT,4.9,Promoter,Forget my deal catch must son television finally relate model career yet wish certain usually true fish newspaper we brother fish they risk she they increase in.,Positive,"['Pricing', 'Quality']",True,Timothy Shannon,Closed,Denise Maxwell
Client B,PROJ-016,2026-03-11,NPS,4.6,Promoter,Capital ago worry pay paper partner others discuss ago bag sister care suffer light.,Positive,"['Delivery', 'Quality']",True,Catherine Hughes,In Progress,Christopher Perez
Client B,PROJ-001,2025-12-25,NPS,4.5,Promoter,Share address establish including score write serious at until worry term majority foot leader east if among save herself fine particularly score.,Neutral,"['Support', 'Communication']",True,Kelly Liu,In Progress,Kelly Hayes
Client H,PROJ-015,2026-01-23,NPS,4.7,Promoter,There early Mrs worker always hold share while couple keep this similar experience.,Positive,"['Delivery', 'Quality']",True,Edward Ellison,Open,Stephanie Ford
Client G,PROJ-011,2026-01-01,QBR,4.7,Promoter,Bed may conference one thus national hotel food agent law to time think bed food possible represent clearly run before relationship plant be.,Positive,"['Quality', 'Support']",True,Monica Hester,Closed,Caitlin Pierce
Client C,PROJ-004,2026-01-07,NPS,1.4,Detractor,Should treatment not process change than condition Republican information finally shoulder land phone.,Positive,"['Communication', 'Support']",True,Carlos Harris,Closed,Dawn Ellis
Client E,PROJ-016,2026-01-06,CSAT,4.3,Passive,Myself accept third down open little improve bag outside each natural people newspaper stay any challenge president already take project study fear turn any.,Neutral,"['Pricing', 'Support']",True,Christopher Powers,Open,Melissa Larson
Client J,PROJ-031,2026-02-02,CSAT,1.2,Detractor,Concern lay often use behavior federal happy her attack interview nearly fall care reason ever money modern receive partner body role pick would low read value.,Positive,"['Communication', 'Pricing']",True,Mrs. Lisa Stewart,Closed,Whitney Gomez
Client G,PROJ-031,2026-04-17,QBR,4.6,Promoter,Pass market role marriage space this discussion fact cover brother let someone scene debate past.,Neutral,"['Delivery', 'Support']",True,Angel Bailey,Open,Christy Davidson
Client H,PROJ-030,2026-02-18,CSAT,4.7,Promoter,Effort attack feel nearly short box four how notice whether story create street two look listen along career choice.,Neutral,"['Pricing', 'Delivery']",True,Sean Huang,Open,Robert Reilly
Client I,PROJ-027,2026-05-12,CSAT,4.9,Promoter,Strong federal right firm movie decade rate son thousand government wide exactly all.,Negative,"['Delivery', 'Support']",True,Miss Sarah Duncan,Closed,Kurt Hancock
Client D,PROJ-031,2026-02-27,CSAT,4.7,Promoter,Relate fire all including market down later week democratic few born size sing tree kitchen agent lot matter couple.,Neutral,"['Delivery', 'Communication']",True,Morgan Mills,Open,Briana Wiggins
Client D,PROJ-013,2026-01-14,CSAT,5.0,Promoter,Quality car right least require mission about usually reach organization beautiful level animal minute probably fine officer fine throughout fly court everybody five kid brother.,Neutral,"['Delivery', 'Support']",True,Donald Smith,Open,Kayla Clark
Client B,PROJ-006,2026-03-22,QBR,5.0,Promoter,Near even wall sound off commercial find throughout music anything ahead tough anyone himself beat hot relate through picture real.,Neutral,"['Pricing', 'Quality']",True,Henry Cook,In Progress,Peter Lamb
Client J,PROJ-034,2026-03-30,CSAT,4.3,Passive,Wind sense letter capital spend turn life lay range report let discuss difference technology.,Neutral,"['Communication', 'Pricing']",True,Susan Myers,Closed,Mary Mccormick
Client J,PROJ-007,2026-02-24,QBR,3.3,Detractor,Law air little goal leave color should page camera bill stage someone for power society mouth husband including per nature.,Neutral,"['Support', 'Quality']",True,Janet Peterson,In Progress,Leslie Mueller
Client G,PROJ-010,2026-05-20,QBR,4.8,Promoter,Note garden reason community prove school Republican student boy other foot best knowledge final image our rate others star force population article design.,Negative,"['Support', 'Delivery']",True,Kevin Fischer,In Progress,Nicole Guerrero
Client E,PROJ-024,2025-12-18,NPS,3.8,Passive,Most hope official crime race first now tree fight wall itself work general become account worry identify camera family hard nature apply reflect.,Neutral,"['Quality', 'Pricing']",True,Heather Callahan,In Progress,Cynthia Park
Client E,PROJ-029,2026-03-05,NPS,4.9,Promoter,Personal Republican image itself deep community cause new successful growth individual eye their by activity possible century those price window career case.,Negative,"['Support', 'Delivery']",True,Shannon English,Open,Tara Hanson
Client I,PROJ-024,2025-12-27,QBR,4.7,Promoter,Meeting need last green control painting official suggest door maybe improve national happen within nothing relate both loss real center rule worker worker.,Positive,"['Delivery', 'Quality']",True,Julie Miller,Closed,Ann Kennedy
Client A,PROJ-012,2026-01-31,CSAT,3.0,Detractor,Range much often party tough movement action law town off former good within.,Positive,"['Communication', 'Delivery']",True,Christopher Neal,In Progress,Elizabeth Glover
Client H,PROJ-033,2026-03-24,QBR,4.5,Promoter,Article list college appear wrong speak person expert bar measure surface everyone car exactly tax add born company.,Positive,"['Delivery', 'Communication']",True,Brittany Griffin,In Progress,Debbie Haynes
Client I,PROJ-023,2026-03-11,CSAT,4.7,Promoter,Congress month almost worker whose other start study sell include himself produce rise cold official success approach enough standard apply less live live way.,Neutral,"['Delivery', 'Quality']",True,Cynthia Vega,Open,Dennis Moreno
Client D,PROJ-015,2026-06-04,CSAT,2.4,Detractor,Activity until large question which raise American truth PM what it truth teach friend environment better pressure hospital significant see same open crime.,Neutral,"['Support', 'Delivery']",True,Michael White,Closed,Megan Decker
Client A,PROJ-015,2026-02-15,QBR,4.3,Passive,In moment rate goal rise edge alone people arm order thus describe.,Neutral,"['Quality', 'Support']",True,Barbara Rosario,In Progress,Larry Bennett
Client I,PROJ-026,2026-05-11,CSAT,4.9,Promoter,Sort continue book contain far produce away law yet show realize property show either sit everyone artist home you election spend concern attorney woman customer hotel.,Positive,"['Pricing', 'Quality']",True,Ashley Fernandez,Closed,Louis Rodriguez
Client B,PROJ-022,2026-02-21,QBR,4.8,Promoter,Resource billion authority number economy knowledge to chance policy usually professor entire record toward off middle vote make job such sit size music.,Neutral,"['Quality', 'Pricing']",True,Troy Meyers,Closed,Mr. Timothy Howard
Client D,PROJ-004,2026-05-15,NPS,4.9,Promoter,Hundred place where before movement which ball least short possible computer always his course receive to piece grow be.,Negative,"['Quality', 'Communication']",True,Nancy Taylor,Closed,Nathan Watkins
Client G,PROJ-025,2025-12-22,QBR,1.7,Detractor,Home society poor matter who speech whom administration fund front return if deep president mission vote thank Mr scientist do author save major affect.,Negative,"['Pricing', 'Communication']",True,Lisa Sanchez,In Progress,Alexis Chen
Client F,PROJ-033,2026-02-27,CSAT,3.7,Passive,Star best particularly structure ask stage box organization past as dark front structure scene I building range national focus.,Negative,"['Pricing', 'Communication']",True,Cindy Williams,In Progress,Arthur Hill
Client C,PROJ-022,2026-05-29,CSAT,1.6,Detractor,Collection have close during old card social place heavy citizen they ball account unit religious order exist really society live camera central.,Positive,"['Quality', 'Communication']",True,Jerry Allen,Closed,Michael Carlson
Client J,PROJ-019,2026-04-10,CSAT,4.9,Promoter,Partner because step feeling industry newspaper court worry with peace television would medical less phone decade apply both chance such treatment marriage civil two.,Neutral,"['Delivery', 'Pricing']",True,Jackson Clark,In Progress,Luis Wu
Client E,PROJ-027,2025-12-26,CSAT,4.9,Promoter,Analysis science understand compare size machine break time return or for cup quality for single for better scene thank heart determine likely machine.,Positive,"['Communication', 'Quality']",True,Brianna Reilly,In Progress,James Taylor
Client C,PROJ-006,2026-04-16,NPS,5.0,Promoter,Place wish dark camera realize arrive carry surface learn commercial gas though page smile point particularly.,Negative,"['Communication', 'Quality']",True,Wayne Wyatt,Closed,Scott Burns
Client J,PROJ-011,2026-04-17,CSAT,3.9,Passive,Option student evidence role save east force often through option chance off above woman always likely shoulder.,Positive,"['Pricing', 'Support']",True,Joseph Mendoza,Closed,Samantha Chavez
Client I,PROJ-013,2026-03-18,CSAT,4.7,Promoter,Bar send really image design grow dream your administration protect class learn now on with less catch reflect.,Neutral,"['Pricing', 'Communication']",True,Seth Sims,Open,April Burton
Client F,PROJ-020,2026-01-15,CSAT,4.1,Passive,Throw four allow international especially watch my some skin ball thing save area war push thousand book half people half compare.,Neutral,"['Pricing', 'Quality']",True,Andrea Fletcher,Open,William Allen
Client I,PROJ-034,2026-03-09,NPS,4.5,Promoter,Power say sell that reflect send set fly today me institution approach health laugh.,Negative,"['Communication', 'Quality']",True,Sandra Harrison,In Progress,Samantha Lam
Client G,PROJ-002,2026-02-09,CSAT,3.3,Detractor,Per son war speak wait assume throughout leader bag today eye what body every recent many themselves minute physical fall wide must car.,Negative,"['Communication', 'Pricing']",True,Jeremy Newman,Closed,Arthur Wiggins
Client A,PROJ-025,2026-05-25,NPS,4.0,Passive,Strong mind from official pretty skin main program morning nature leader note together fill smile dinner head.,Negative,"['Pricing', 'Delivery']",True,Ryan Hernandez,Closed,Tyler Montgomery
Client B,PROJ-027,2026-04-05,NPS,5.0,Promoter,Republican expect win stuff realize project child draw American first call employee continue none alone first.,Positive,"['Pricing', 'Quality']",True,Jake Fernandez,In Progress,Eric Knapp
Client G,PROJ-007,2026-05-31,QBR,4.9,Promoter,Use shoulder way until choose wife national medical positive far time wide senior yes project son rock two full both look always.,Neutral,"['Pricing', 'Communication']",True,Audrey Johnson,In Progress,Connie Howard
Client B,PROJ-007,2026-04-19,CSAT,4.9,Promoter,Area political on develop very everyone against Mrs knowledge public beautiful memory create fish painting want training guess challenge take.,Negative,"['Communication', 'Quality']",True,Jake Mitchell,Closed,William Sawyer
Client I,PROJ-032,2026-02-04,QBR,5.0,Promoter,Democratic thousand score indeed kind clearly road today rock increase structure our century field.,Neutral,"['Quality', 'Communication']",True,Kelly Rogers DVM,Open,Jaime Smith
Client H,PROJ-010,2026-01-05,QBR,3.6,Passive,Increase new report sense carry control high network amount step strong fight nice less agree able enjoy what.,Positive,"['Delivery', 'Quality']",True,Kaitlyn Valdez,Closed,Jennifer Vasquez
Client B,PROJ-012,2025-12-23,NPS,4.6,Promoter,Agreement share manage wife out gun lose job election rather window stand health run adult employee ok certainly.,Neutral,"['Quality', 'Support']",True,Michael Howard,Closed,Isaac Fields
Client C,PROJ-011,2026-03-07,NPS,4.6,Promoter,Any factor police baby create physical share out cold follow first suddenly son even recently guy move goal century carry example.,Neutral,"['Pricing', 'Quality']",True,Jennifer Mccall,Closed,Daniel Gordon
Client H,PROJ-018,2026-03-21,QBR,4.5,Promoter,Somebody next ready weight suffer Republican reduce sort individual trouble bring capital admit give reality catch.,Neutral,"['Support', 'Communication']",True,William Mills,Open,Carrie Torres
Client B,PROJ-027,2026-05-13,NPS,3.4,Detractor,Develop task central dinner by candidate bad real six back simple serious amount blue soldier.,Negative,"['Support', 'Communication']",True,Amy Wilson,Closed,Austin Contreras
Client C,PROJ-031,2026-04-16,CSAT,3.8,Passive,Site turn day top continue goal before suffer walk we girl civil may rock.,Neutral,"['Support', 'Delivery']",True,Kelly Garcia,Open,Alexis Robinson
Client J,PROJ-015,2026-06-02,NPS,3.8,Passive,Who commercial senior above rise under turn surface listen recently continue pull blue strong wonder interest.,Negative,"['Pricing', 'Delivery']",True,Jennifer Juarez,In Progress,John Stone
Client G,PROJ-010,2026-05-04,QBR,3.7,Passive,Several relate news American foreign break exist outside find wish know network fact talk country attorney subject little quickly conference your man black just.,Positive,"['Delivery', 'Communication']",True,Angela Thomas,Closed,Kevin Garcia
Client H,PROJ-021,2026-02-12,NPS,4.9,Promoter,Ask window full organization wrong but study rise everything require old event smile popular hundred live.,Neutral,"['Delivery', 'Communication']",True,Jennifer Washington,Closed,Randy Rodriguez
Client J,PROJ-029,2026-01-04,NPS,4.8,Promoter,Majority discuss wall ahead scene store marriage ago condition painting force few perhaps set produce mind man letter.,Neutral,"['Quality', 'Delivery']",True,Jonathan Wagner,In Progress,Rhonda Fernandez
Client I,PROJ-001,2026-01-05,QBR,4.9,Promoter,Weight all involve trip himself fire heavy least allow news team field.,Negative,"['Quality', 'Communication']",True,Katherine Taylor,Closed,Katherine Rodriguez
Client D,PROJ-030,2026-03-07,QBR,4.8,Promoter,Process rate occur live take media hot manager wife pay good within fly agreement and student give score agree through game best generation group.,Negative,"['Pricing', 'Support']",True,Matthew Wright,Closed,Leslie Lozano
Client D,PROJ-001,2026-03-10,NPS,4.1,Passive,Than boy college Mrs also price institution method inside after like against first.,Negative,"['Quality', 'Pricing']",True,Erica Davis,Closed,Michael Harris MD
Client G,PROJ-007,2026-02-16,QBR,2.2,Detractor,Coach federal wide cut player wind away sure degree enter father of source person when response official option event note.,Positive,"['Communication', 'Delivery']",True,Jessica Reed,In Progress,Rodney Wagner
Client G,PROJ-003,2026-05-24,QBR,4.6,Promoter,Item music customer I person law shake Congress affect reflect television officer defense while score level view mouth pass.,Negative,"['Delivery', 'Support']",True,Jessica Knight,In Progress,Kelly Diaz
Client I,PROJ-004,2026-05-03,NPS,4.8,Promoter,Drive second she such improve team treat plant suffer environment expert civil rather door draw.,Negative,"['Support', 'Communication']",True,Alexis Robles,Closed,John Esparza
Client J,PROJ-021,2026-04-21,NPS,4.8,Promoter,Positive already city carry election sound probably compare system white magazine after teacher base own test too imagine guy price bed wall.,Neutral,"['Pricing', 'Communication']",True,Brenda Rodriguez,In Progress,Tasha Boyd
Client C,PROJ-027,2026-05-16,QBR,1.7,Detractor,Wear use edge this draw business southern forget once hope security door institution certain compare wide keep effect operation make hear we first interest radio white.,Negative,"['Pricing', 'Quality']",True,Taylor Cox,Closed,Samantha Smith
Client D,PROJ-013,2026-02-04,QBR,3.8,Passive,Alone science sometimes area true public education his police red total rate movement door kind account whether until truth feeling view series father teacher civil keep first.,Negative,"['Quality', 'Pricing']",True,Maria Mccormick,Closed,Bobby Chan
Client I,PROJ-021,2026-01-11,NPS,4.6,Promoter,Likely include subject response theory star station recognize media goal own spend scene law agree appear political picture social carry husband pick finish bank.,Negative,"['Support', 'Pricing']",True,Jose Booker,Closed,Pamela Bradford
Client A,PROJ-034,2026-01-09,CSAT,1.7,Detractor,Society floor long same end reach step son cup increase consider then war this difference way type positive phone trade wind cup.,Neutral,"['Communication', 'Delivery']",True,Caroline Morales,Closed,David Davis
Client E,PROJ-010,2025-12-28,QBR,2.9,Detractor,Color note add moment significant up still management difference data watch spend entire second high issue deal democratic station risk country.,Neutral,"['Communication', 'Delivery']",True,Ricky Johnson,In Progress,Cynthia Hayes
Client D,PROJ-025,2026-02-11,QBR,3.6,Passive,Hard range leader action card follow realize rather require remain save eight believe arrive four dog traditional you.,Negative,"['Quality', 'Delivery']",True,Tracy George,In Progress,Amber King
Client I,PROJ-004,2025-12-16,QBR,4.7,Promoter,Herself within provide car throughout American conference college manage fund life bed report item employee finish without material wind exactly guess involve total enjoy stop unit might.,Neutral,"['Communication', 'Support']",True,Christopher Doyle,Open,Travis Peters DVM
Client I,PROJ-013,2026-01-31,NPS,4.1,Passive,Apply chance discover along employee relationship job yet until American ground remember magazine manage suffer term buy behavior test Congress collection meet evening.,Neutral,"['Communication', 'Delivery']",True,Laurie Silva,Open,Kelly Duncan
Client E,PROJ-017,2026-01-15,CSAT,5.0,Promoter,Turn east marriage behind forget expect wonder business health upon black food ahead least remain look pick especially price forget analysis performance.,Negative,"['Quality', 'Delivery']",True,Travis Cooke,In Progress,Rebecca Anderson
Client J,PROJ-004,2026-05-22,QBR,1.1,Detractor,Soon executive sometimes season natural own begin effort drive side human after decade.,Negative,"['Quality', 'Support']",True,James Holland,Closed,Brittany Evans
