title,raised_by,raised_date,project_id,escalation_type,severity,status,assigned_owner,resolution_target,resolution_notes,days_open,resolution_date,root_cause,preventive_action,auto_triggered,trigger_source
Benchmark Distributed Paradigms,Mr. Kevin Carr,2026-06-06,PROJ-011,Delivery Risk,P2,Open,Ruth Freeman,2026-06-13,,18,,Month instead firm as.,Threat bring performance position large job.,True,
Leverage Front-End Solutions,Jeffrey Romero,2026-06-11,PROJ-023,SLA Breach,P1,In Progress,Melinda Dorsey,2026-06-14,,2,,Capital fall represent where strategy pull same.,Son suddenly perform executive see project can.,False,LOW_NPS
Aggregate Granular Metrics,Ricky Hahn MD,2026-05-19,PROJ-003,Delivery Risk,P3,In Progress,Justin Kidd,2026-06-17,,15,,Thing ground city still thus allow.,Front box dinner no.,False,SLA_BREACH
Synthesize Back-End Supply-Chains,Patricia Carrillo,2026-05-13,PROJ-021,SLA Breach,P3,Resolved,Stephanie Castaneda,2026-06-21,,8,,Page bit anyone watch sometimes while sense.,Sit participant teach big.,False,RED_PROJECT
Engage Revolutionary Mindshare,Mark Pitts,2026-05-24,PROJ-025,People,P3,Resolved,Brooke Carter,2026-06-25,,2,,Seven marriage that child hair standard.,Summer keep indeed shoulder.,False,
Incentivize Collaborative Supply-Chains,Christopher Adams,2026-06-10,PROJ-015,Financial,P2,In Progress,Jennifer Soto,2026-06-18,,15,,Charge send instead direction soon.,Truth together weight might radio want.,True,RED_PROJECT
Grow B2B Synergies,Kelly Jones,2026-05-26,PROJ-011,Delivery Risk,P1,Resolved,James Barton,2026-06-21,,8,,Article service produce political total around.,Woman sometimes then win information though red them.,True,RED_PROJECT
Drive Turn-Key Convergence,Douglas Rose,2026-05-17,PROJ-011,People,P3,Resolved,Melody Griffin,2026-06-24,,3,,Thought person peace kind generation.,Simple thing base Mr hope rest.,True,
Matrix End-To-End Deliverables,Diane Davis DDS,2026-06-06,PROJ-022,SLA Breach,P2,Resolved,Nicole Moore,2026-06-18,,15,,Three music else.,Risk would book art health.,True,RED_PROJECT
Whiteboard Synergistic Initiatives,Matthew Martinez,2026-06-01,PROJ-027,SLA Breach,P1,Open,Norman Chavez,2026-06-13,,18,,South writer not thus physical.,Suddenly doctor federal project spring of cause.,True,RED_PROJECT
Synergize Interactive Platforms,Kevin Carson,2026-06-01,PROJ-033,SLA Breach,P3,Open,Brent Dawson,2026-06-11,,5,,Bank artist thousand live land hard.,Idea next single the once PM you.,False,RED_PROJECT
Scale Holistic E-Markets,Brianna Martinez,2026-05-28,PROJ-026,SLA Breach,P3,Resolved,Beverly Bush,2026-06-21,,9,,Brother defense list second want hard weight.,System book hard face mission brother figure hear.,True,RED_PROJECT
Envisioneer Holistic Web-Readiness,Brenda Lawrence,2026-05-26,PROJ-031,Financial,P1,Open,Steven Small,2026-06-24,,13,,Consumer science able natural attack.,Individual of not.,True,RED_PROJECT
Productize Cross-Platform Architectures,Nathan Obrien,2026-05-31,PROJ-033,People,P1,Resolved,Kathy Murray,2026-06-21,,10,,Project chance road become person perhaps hold.,Fund animal provide kitchen everyone because.,False,SLA_BREACH
Leverage Proactive Networks,Patricia Parker,2026-05-19,PROJ-025,Financial,P1,Open,Maria Miller,2026-06-11,,6,,My serious whatever miss seek me affect probably.,Conference affect skill early relationship thought know.,False,RED_PROJECT
Exploit World-Class Interfaces,Katherine Peck,2026-05-31,PROJ-007,Delivery Risk,P2,Resolved,Christopher Johnson,2026-06-20,,1,,Fish either boy between collection century eight.,Child weight question arrive.,True,SLA_BREACH
Harness Viral Web-Readiness,Elizabeth Garcia,2026-05-27,PROJ-009,SLA Breach,P3,Resolved,Steven Scott,2026-06-17,,16,,Appear dream others door.,Sell his boy art let imagine machine.,False,LOW_NPS
Deploy Bleeding-Edge Web-Readiness,Victor Leonard,2026-06-08,PROJ-003,Financial,P1,In Progress,Justin Glover,2026-06-23,,12,,Nothing land suffer matter situation.,Health world site Mr.,False,SLA_BREACH
Brand Customized Paradigms,John Calderon,2026-05-25,PROJ-009,People,P2,Open,William Smith,2026-06-25,,2,,Event economy quite yourself successful defense subject.,Animal school none feel house.,False,
Embrace Global Schemas,Dr. Christine Wagner PhD,2026-05-20,PROJ-013,SLA Breach,P3,Resolved,Theresa Reid,2026-06-23,,0,,Event production focus decision where foreign trial.,Position ability live top.,True,SLA_BREACH
Innovate Virtual E-Markets,Melissa Burns,2026-05-24,PROJ-014,People,P2,In Progress,Brad Mcdowell,2026-06-12,,4,,Much throughout staff knowledge.,Good spend still group.,False,LOW_NPS
Reinvent Value-Added Initiatives,Timothy Wallace,2026-05-20,PROJ-035,Financial,P3,In Progress,Alejandro Campbell,2026-06-20,,8,,Course staff personal space determine woman.,Already manage region paper according worker.,False,RED_PROJECT
Whiteboard Impactful Initiatives,Laura Snyder,2026-05-25,PROJ-031,Delivery Risk,P2,Resolved,Mary Knight,2026-06-19,,15,,North assume campaign assume employee now direction mission.,Court question yeah realize mouth.,False,LOW_NPS
Morph Ubiquitous Synergies,Margaret Hahn,2026-05-30,PROJ-023,Financial,P3,Open,Todd Reynolds,2026-06-24,,3,,Ever quite level guess service this.,Another truth mother first hot.,True,
Facilitate Strategic Networks,Wanda Perez,2026-06-06,PROJ-011,SLA Breach,P1,Resolved,Tina Stark,2026-06-17,,10,,Clearly financial personal benefit lose.,Or phone free.,True,RED_PROJECT
