employee_id,week_ending_date,project_id,task_type,hours_logged,is_billable,approved_by,approval_status,submission_date,submission_status,notes
EMP-0001,2026-06-11,PROJ-001,Development,40.6,False,Brian Allen,Pending,2026-06-11,On Time,
EMP-0001,2026-06-04,PROJ-024,Development,35.2,False,Anthony Cook,Pending,2026-06-02,Late,
EMP-0001,2026-05-28,PROJ-004,Testing,36.0,False,Terri Parsons,Approved,2026-05-27,Late,
EMP-0001,2026-05-21,PROJ-034,Meetings,24.9,True,Pamela Garrett,Approved,2026-05-21,On Time,
EMP-0001,2026-05-14,PROJ-001,Testing,22.2,False,Angela Brown,Pending,2026-05-12,Late,
EMP-0001,2026-05-07,PROJ-013,Development,38.4,True,Erik Abbott,Approved,2026-05-05,Late,
EMP-0001,2026-04-30,PROJ-023,Meetings,44.1,False,Cameron Ellison,Approved,2026-04-29,On Time,
EMP-0001,2026-04-23,PROJ-001,Meetings,24.4,True,Eric Sims,Approved,2026-04-21,On Time,
EMP-0002,2026-06-11,PROJ-033,Meetings,41.9,False,Michael Hansen,Pending,2026-06-08,Late,
EMP-0002,2026-06-04,PROJ-016,Meetings,44.0,False,James Davis,Pending,2026-06-04,On Time,
EMP-0002,2026-05-14,PROJ-015,Testing,40.0,False,Crystal Greene,Pending,2026-05-14,Late,
EMP-0002,2026-05-07,PROJ-016,Meetings,22.3,False,Alexandra Reyes,Approved,2026-05-06,On Time,
EMP-0002,2026-04-30,PROJ-014,Meetings,24.6,True,Sheryl Harvey,Pending,2026-04-29,On Time,
EMP-0002,2026-04-23,PROJ-017,Testing,25.7,True,Timothy Logan,Pending,2026-04-22,On Time,
EMP-0003,2026-05-28,PROJ-032,Development,39.1,True,Garrett Lee,Pending,2026-05-26,Late,
EMP-0003,2026-05-21,PROJ-018,Admin,24.6,False,Kurt Jones,Pending,2026-05-20,Late,
EMP-0003,2026-05-07,PROJ-028,Admin,43.5,True,Cheryl Berry,Pending,2026-05-04,Late,
EMP-0003,2026-04-30,PROJ-030,Development,37.5,False,Dawn Fisher,Pending,2026-04-30,On Time,
EMP-0003,2026-04-23,PROJ-025,Development,28.1,False,Jill Sanchez,Approved,2026-04-21,On Time,
EMP-0004,2026-06-11,PROJ-022,Meetings,24.6,False,Amy Collins,Approved,2026-06-08,Late,
EMP-0004,2026-06-04,PROJ-024,Admin,27.0,True,Tyler Webster,Approved,2026-06-03,On Time,
EMP-0004,2026-05-28,PROJ-016,Admin,41.4,True,Stephen Rowe,Approved,2026-05-27,On Time,
EMP-0004,2026-05-21,PROJ-012,Admin,32.5,False,Eric Cooper,Pending,2026-05-19,On Time,
EMP-0004,2026-05-14,PROJ-004,Admin,22.5,True,Adam Willis,Approved,2026-05-13,On Time,
EMP-0004,2026-05-07,PROJ-007,Admin,38.6,False,Amy Hunter,Pending,2026-05-05,Late,
EMP-0004,2026-04-30,PROJ-017,Meetings,20.5,True,Shannon Henderson,Pending,2026-04-29,Late,
EMP-0004,2026-04-23,PROJ-035,Testing,44.5,False,Curtis Kerr,Pending,2026-04-21,Late,
EMP-0005,2026-06-11,PROJ-029,Development,29.5,False,Gloria Contreras,Pending,2026-06-10,On Time,
EMP-0005,2026-06-04,PROJ-022,Admin,35.8,False,Vicki Greene,Approved,2026-06-04,On Time,
EMP-0005,2026-05-28,PROJ-021,Meetings,36.3,False,Kenneth Mccarty,Pending,2026-05-26,On Time,
EMP-0005,2026-05-21,PROJ-024,Admin,30.3,True,Jennifer Martin,Approved,2026-05-20,Late,
EMP-0005,2026-05-14,PROJ-017,Development,25.3,False,Richard Williams,Approved,2026-05-14,On Time,
EMP-0005,2026-05-07,PROJ-031,Development,20.7,False,Aaron Walker,Approved,2026-05-07,On Time,
EMP-0005,2026-04-30,PROJ-006,Admin,27.7,True,Marcus Allen,Pending,2026-04-27,Late,
EMP-0006,2026-06-11,PROJ-011,Development,20.9,False,Tiffany Rivera,Pending,2026-06-08,On Time,
EMP-0006,2026-06-04,PROJ-035,Meetings,33.7,True,Christine Lopez,Approved,2026-06-01,Late,
EMP-0006,2026-05-28,PROJ-028,Meetings,42.7,False,Heidi Jones MD,Approved,2026-05-28,On Time,
EMP-0006,2026-05-21,PROJ-027,Meetings,23.9,True,Dylan Lee,Approved,2026-05-20,On Time,
EMP-0006,2026-05-14,PROJ-035,Development,37.2,False,Pamela Williams,Pending,2026-05-12,On Time,
EMP-0006,2026-05-07,PROJ-019,Testing,39.9,False,Craig Thompson,Approved,2026-05-04,Late,
EMP-0006,2026-04-30,PROJ-016,Testing,37.9,False,Michelle Morgan,Pending,2026-04-29,On Time,
EMP-0007,2026-06-11,PROJ-034,Meetings,27.1,False,Cassandra Smith,Pending,2026-06-10,On Time,
EMP-0007,2026-06-04,PROJ-019,Development,35.9,False,Susan Smith,Pending,2026-06-01,On Time,
EMP-0007,2026-05-28,PROJ-010,Development,44.2,True,Jamie Cobb,Approved,2026-05-28,On Time,
EMP-0007,2026-05-21,PROJ-029,Development,25.8,True,Timothy Torres,Approved,2026-05-18,On Time,
EMP-0007,2026-05-14,PROJ-020,Admin,44.9,False,Robert Guerrero,Approved,2026-05-12,On Time,
EMP-0007,2026-05-07,PROJ-010,Development,26.7,False,Vanessa Cuevas,Approved,2026-05-04,On Time,
EMP-0007,2026-04-30,PROJ-017,Admin,40.7,True,Sherry Jones,Approved,2026-04-27,On Time,
EMP-0007,2026-04-23,PROJ-003,Testing,31.5,True,Thomas Norton,Approved,2026-04-20,On Time,
EMP-0008,2026-06-11,PROJ-020,Meetings,24.0,True,James Brooks,Approved,2026-06-09,On Time,
EMP-0008,2026-06-04,PROJ-013,Meetings,42.2,True,Vanessa Sanchez,Approved,2026-06-03,Late,
EMP-0008,2026-05-28,PROJ-001,Testing,39.9,True,Luis Lopez,Pending,2026-05-27,On Time,
EMP-0008,2026-05-21,PROJ-031,Testing,29.3,True,Rachel Murphy,Approved,2026-05-20,On Time,
EMP-0008,2026-05-07,PROJ-004,Development,28.9,True,Robert Salas,Approved,2026-05-06,On Time,
EMP-0008,2026-04-30,PROJ-023,Admin,38.3,True,Tracy Blackwell,Pending,2026-04-28,Late,
EMP-0009,2026-06-11,PROJ-032,Admin,34.0,False,Brad Ruiz,Approved,2026-06-10,Late,
EMP-0009,2026-06-04,PROJ-030,Meetings,41.7,True,Amy Romero,Approved,2026-06-03,On Time,
EMP-0009,2026-05-28,PROJ-017,Meetings,31.4,False,Maria Hicks,Approved,2026-05-28,Late,
EMP-0009,2026-05-21,PROJ-016,Meetings,38.0,False,Mr. Frank Brooks DDS,Approved,2026-05-18,Late,
EMP-0009,2026-05-14,PROJ-019,Meetings,30.2,False,Kathleen Adams,Approved,2026-05-14,Late,
EMP-0009,2026-05-07,PROJ-003,Testing,24.5,True,Thomas Silva,Approved,2026-05-07,On Time,
EMP-0009,2026-04-30,PROJ-003,Admin,36.4,False,Daniel Harris,Approved,2026-04-28,On Time,
EMP-0009,2026-04-23,PROJ-005,Development,43.3,True,Jennifer Torres,Pending,2026-04-23,On Time,
EMP-0010,2026-06-11,PROJ-004,Meetings,34.0,False,Laura Walls,Pending,2026-06-11,Late,
EMP-0010,2026-06-04,PROJ-003,Development,40.9,True,Joshua Taylor,Approved,2026-06-04,On Time,
EMP-0010,2026-05-28,PROJ-035,Admin,24.7,True,Jeremy Bell,Approved,2026-05-25,Late,
EMP-0010,2026-05-14,PROJ-023,Admin,37.6,False,Julie Oliver,Approved,2026-05-13,On Time,
EMP-0010,2026-05-07,PROJ-033,Meetings,36.4,False,John Ortiz,Pending,2026-05-05,Late,
EMP-0010,2026-04-30,PROJ-021,Meetings,30.3,False,Emily Reyes,Pending,2026-04-29,Late,
EMP-0010,2026-04-23,PROJ-025,Meetings,29.0,False,David Brewer,Pending,2026-04-20,On Time,
EMP-0011,2026-06-11,PROJ-019,Development,32.9,False,Bradley Kirby,Approved,2026-06-09,On Time,
EMP-0011,2026-06-04,PROJ-021,Development,39.3,False,Maria Hartman,Approved,2026-06-04,On Time,
EMP-0011,2026-05-28,PROJ-010,Testing,26.6,True,Annette Jones,Approved,2026-05-26,On Time,
EMP-0011,2026-05-14,PROJ-014,Development,38.1,False,Curtis Gonzalez,Approved,2026-05-11,Late,
EMP-0011,2026-05-07,PROJ-007,Meetings,20.9,False,Eric Ochoa,Approved,2026-05-07,On Time,
EMP-0011,2026-04-30,PROJ-028,Admin,43.3,True,Denise Thornton,Approved,2026-04-30,Late,
EMP-0011,2026-04-23,PROJ-025,Development,27.6,True,Dr. Nicole Singh DVM,Pending,2026-04-22,On Time,
EMP-0012,2026-06-11,PROJ-015,Testing,21.3,False,Elijah Short,Pending,2026-06-11,On Time,
EMP-0012,2026-06-04,PROJ-026,Testing,23.3,True,Jennifer Sullivan,Pending,2026-06-04,Late,
EMP-0012,2026-05-28,PROJ-006,Admin,32.5,True,Mary Kennedy,Approved,2026-05-25,Late,
EMP-0012,2026-05-21,PROJ-026,Testing,34.0,True,Paige Hernandez,Approved,2026-05-21,On Time,
EMP-0012,2026-05-14,PROJ-021,Development,22.8,False,Darrell Curry,Pending,2026-05-12,On Time,
EMP-0012,2026-05-07,PROJ-023,Development,39.2,True,Jose Hartman,Pending,2026-05-04,Late,
EMP-0013,2026-06-11,PROJ-013,Meetings,23.9,True,Miranda Murray,Approved,2026-06-11,On Time,
EMP-0013,2026-06-04,PROJ-010,Meetings,20.3,True,Emily Lopez,Pending,2026-06-01,On Time,
EMP-0013,2026-05-21,PROJ-035,Testing,25.1,False,Melissa Clark,Pending,2026-05-20,Late,
EMP-0013,2026-05-14,PROJ-002,Admin,34.6,True,Justin Brooks,Pending,2026-05-13,On Time,
EMP-0013,2026-05-07,PROJ-018,Development,31.6,True,Bethany Harding,Approved,2026-05-04,Late,
EMP-0013,2026-04-30,PROJ-024,Development,20.5,False,Robert Flowers,Approved,2026-04-27,Late,
EMP-0013,2026-04-23,PROJ-007,Meetings,32.1,True,Jason Jennings,Approved,2026-04-22,Late,
EMP-0014,2026-06-11,PROJ-002,Development,26.2,False,Richard Medina,Pending,2026-06-08,On Time,
EMP-0014,2026-06-04,PROJ-002,Meetings,37.1,False,Alexander Floyd,Pending,2026-06-03,Late,
EMP-0014,2026-05-28,PROJ-004,Meetings,42.0,True,Brittany Cisneros,Pending,2026-05-27,On Time,
EMP-0014,2026-05-21,PROJ-026,Testing,22.2,False,Mark Morrison,Approved,2026-05-18,On Time,
EMP-0014,2026-05-14,PROJ-028,Meetings,42.7,False,Sharon Baird,Pending,2026-05-13,On Time,
EMP-0014,2026-05-07,PROJ-035,Testing,41.6,False,James Ferguson,Approved,2026-05-04,On Time,
EMP-0014,2026-04-30,PROJ-011,Meetings,21.7,True,Brian Hudson,Approved,2026-04-28,On Time,
EMP-0014,2026-04-23,PROJ-021,Admin,44.0,False,Steven Davis,Pending,2026-04-21,On Time,
EMP-0015,2026-06-11,PROJ-007,Testing,24.6,False,Juan Johnson,Approved,2026-06-10,On Time,
EMP-0015,2026-06-04,PROJ-023,Development,37.2,False,Katherine Lopez,Approved,2026-06-01,Late,
EMP-0015,2026-05-28,PROJ-012,Admin,32.3,True,Victor Campbell,Approved,2026-05-27,On Time,
EMP-0015,2026-05-14,PROJ-001,Meetings,43.8,True,Matthew Jones,Approved,2026-05-13,On Time,
EMP-0015,2026-05-07,PROJ-029,Admin,37.2,False,Joseph Jackson,Approved,2026-05-04,On Time,
EMP-0015,2026-04-30,PROJ-025,Meetings,29.9,True,Jennifer Moore,Approved,2026-04-27,On Time,
EMP-0015,2026-04-23,PROJ-003,Testing,33.0,False,Joshua Mendoza,Approved,2026-04-20,Late,
EMP-0016,2026-06-11,PROJ-004,Testing,27.3,False,Troy Glenn,Pending,2026-06-09,On Time,
EMP-0016,2026-06-04,PROJ-019,Development,37.2,True,Daniel Reynolds,Pending,2026-06-01,On Time,
EMP-0016,2026-05-28,PROJ-008,Testing,39.5,True,Karen Munoz,Pending,2026-05-25,On Time,
EMP-0016,2026-05-21,PROJ-012,Admin,34.8,True,Laurie Shaw,Pending,2026-05-21,On Time,
EMP-0016,2026-05-14,PROJ-011,Development,22.3,False,Desiree Smith,Pending,2026-05-14,Late,
EMP-0016,2026-05-07,PROJ-033,Testing,29.5,False,Austin Ross,Approved,2026-05-06,On Time,
EMP-0016,2026-04-30,PROJ-010,Testing,41.7,True,Kelly Kent,Approved,2026-04-27,On Time,
EMP-0016,2026-04-23,PROJ-029,Meetings,35.7,True,Julia Johnston,Approved,2026-04-22,On Time,
EMP-0017,2026-06-11,PROJ-017,Development,31.5,False,Donna Ibarra,Approved,2026-06-08,On Time,
EMP-0017,2026-06-04,PROJ-031,Admin,30.3,True,Michael Dawson,Approved,2026-06-03,Late,
EMP-0017,2026-05-28,PROJ-014,Development,24.6,True,Louis Patrick,Pending,2026-05-28,On Time,
EMP-0017,2026-05-21,PROJ-020,Meetings,43.0,True,David Yoder,Approved,2026-05-18,On Time,
EMP-0017,2026-05-14,PROJ-019,Testing,44.2,False,Judith Bartlett,Approved,2026-05-14,On Time,
EMP-0017,2026-05-07,PROJ-025,Development,39.0,True,Keith Long,Pending,2026-05-04,On Time,
EMP-0017,2026-04-23,PROJ-022,Admin,33.1,True,Cynthia Harrell,Approved,2026-04-23,Late,
EMP-0018,2026-06-11,PROJ-034,Development,32.1,False,Mark Carter,Pending,2026-06-09,On Time,
EMP-0018,2026-06-04,PROJ-023,Testing,35.4,False,Melissa Bowen,Pending,2026-06-01,On Time,
EMP-0018,2026-05-28,PROJ-015,Meetings,44.5,True,Johnny Riddle,Approved,2026-05-28,On Time,
EMP-0018,2026-05-21,PROJ-008,Testing,40.0,False,Whitney Jones,Pending,2026-05-21,On Time,
EMP-0018,2026-05-14,PROJ-014,Development,36.0,False,Randall Nguyen,Pending,2026-05-14,On Time,
EMP-0018,2026-05-07,PROJ-021,Development,22.8,False,David Hunter,Pending,2026-05-04,Late,
EMP-0018,2026-04-30,PROJ-002,Testing,24.9,False,Benjamin Neal,Pending,2026-04-27,On Time,
EMP-0018,2026-04-23,PROJ-031,Testing,35.7,False,Jane Reese,Pending,2026-04-20,Late,
EMP-0019,2026-06-04,PROJ-021,Development,25.2,False,Jennifer Smith,Pending,2026-06-04,On Time,
EMP-0019,2026-05-28,PROJ-002,Meetings,44.6,True,Thomas Murphy,Pending,2026-05-27,Late,
EMP-0019,2026-05-14,PROJ-020,Meetings,37.7,False,Kari Jones,Pending,2026-05-14,On Time,
EMP-0019,2026-05-07,PROJ-024,Admin,40.7,False,Dana Dodson,Approved,2026-05-05,On Time,
EMP-0019,2026-04-23,PROJ-013,Development,31.1,True,Robert Skinner,Pending,2026-04-22,On Time,
EMP-0020,2026-06-11,PROJ-031,Meetings,39.4,True,Albert Garcia,Approved,2026-06-10,On Time,
EMP-0020,2026-06-04,PROJ-030,Admin,37.8,True,Joseph Myers,Approved,2026-06-02,On Time,
EMP-0020,2026-05-28,PROJ-006,Meetings,31.7,True,Phillip Byrd,Approved,2026-05-26,On Time,
EMP-0020,2026-05-21,PROJ-020,Testing,28.0,True,Hunter Robinson,Pending,2026-05-19,Late,
EMP-0020,2026-05-14,PROJ-029,Development,26.8,True,Michael Robinson,Pending,2026-05-14,On Time,
EMP-0020,2026-05-07,PROJ-033,Development,25.2,False,Sara Cain,Pending,2026-05-05,On Time,
EMP-0020,2026-04-30,PROJ-019,Testing,24.3,False,Michelle Prince,Pending,2026-04-27,On Time,
EMP-0021,2026-06-11,PROJ-004,Development,29.6,True,Eric Williams,Pending,2026-06-08,On Time,
EMP-0021,2026-06-04,PROJ-029,Meetings,27.8,True,Raymond Wang,Approved,2026-06-01,Late,
EMP-0021,2026-05-21,PROJ-030,Development,31.4,False,Jade Allen,Pending,2026-05-20,On Time,
EMP-0021,2026-05-07,PROJ-017,Meetings,29.8,False,Javier Hays,Pending,2026-05-04,On Time,
EMP-0021,2026-04-23,PROJ-023,Admin,31.5,True,Corey Caldwell,Pending,2026-04-21,Late,
EMP-0022,2026-06-11,PROJ-033,Development,30.1,True,Stephen Robles,Pending,2026-06-11,On Time,
EMP-0022,2026-06-04,PROJ-026,Admin,26.0,True,Carol Jackson,Approved,2026-06-01,On Time,
EMP-0022,2026-05-21,PROJ-028,Admin,34.2,False,Brian Murphy,Approved,2026-05-20,Late,
EMP-0022,2026-05-14,PROJ-032,Development,34.8,False,Chelsey Clark,Pending,2026-05-14,On Time,
EMP-0022,2026-05-07,PROJ-026,Development,35.0,False,Teresa Martinez,Pending,2026-05-04,Late,
EMP-0022,2026-04-30,PROJ-006,Testing,40.4,True,Howard Thompson,Approved,2026-04-29,On Time,
EMP-0022,2026-04-23,PROJ-025,Admin,24.9,False,Eugene Price,Pending,2026-04-21,On Time,
EMP-0023,2026-06-11,PROJ-023,Development,34.6,False,Austin Briggs,Approved,2026-06-09,On Time,
EMP-0023,2026-06-04,PROJ-004,Development,37.6,False,Jackie Jones,Approved,2026-06-02,On Time,
EMP-0023,2026-05-28,PROJ-026,Meetings,37.8,False,Eric George,Pending,2026-05-25,Late,
EMP-0023,2026-05-21,PROJ-012,Admin,23.5,False,Mrs. Kimberly Mooney,Pending,2026-05-18,On Time,
EMP-0023,2026-05-14,PROJ-009,Testing,20.3,True,Carolyn Haley,Approved,2026-05-11,Late,
EMP-0023,2026-05-07,PROJ-009,Development,23.4,False,Vicki Horton,Pending,2026-05-04,Late,
EMP-0023,2026-04-30,PROJ-033,Admin,33.8,False,Valerie Benson,Pending,2026-04-28,On Time,
EMP-0023,2026-04-23,PROJ-001,Admin,41.2,True,Mark Henson,Pending,2026-04-20,Late,
EMP-0024,2026-06-11,PROJ-003,Development,34.2,False,Samuel Olson,Approved,2026-06-08,Late,
EMP-0024,2026-05-28,PROJ-034,Meetings,31.6,True,Lee Richards,Approved,2026-05-27,On Time,
EMP-0024,2026-05-21,PROJ-005,Meetings,35.3,False,Martin Hall,Approved,2026-05-18,On Time,
EMP-0024,2026-05-14,PROJ-031,Meetings,30.5,False,Virginia Hall,Pending,2026-05-13,On Time,
EMP-0024,2026-05-07,PROJ-020,Meetings,21.5,False,Stephanie Parker,Approved,2026-05-07,Late,
EMP-0024,2026-04-30,PROJ-002,Meetings,32.1,True,Nicole Harvey,Approved,2026-04-28,On Time,
EMP-0025,2026-06-11,PROJ-017,Development,38.5,True,James Phillips,Approved,2026-06-08,On Time,
EMP-0025,2026-06-04,PROJ-017,Testing,32.1,True,Dan Johnson,Pending,2026-06-04,On Time,
EMP-0025,2026-05-28,PROJ-010,Admin,38.8,False,Linda Bautista,Pending,2026-05-27,Late,
EMP-0025,2026-05-21,PROJ-011,Testing,34.4,False,Erin Ramirez,Approved,2026-05-19,On Time,
EMP-0025,2026-05-07,PROJ-031,Meetings,31.9,True,Paige Meyer,Pending,2026-05-04,On Time,
EMP-0025,2026-04-30,PROJ-034,Admin,20.3,False,Maria Roberts,Pending,2026-04-28,Late,
EMP-0025,2026-04-23,PROJ-003,Development,42.9,False,Ryan Rivera,Pending,2026-04-21,On Time,
EMP-0026,2026-06-11,PROJ-007,Meetings,36.4,False,Joshua Knox,Pending,2026-06-10,Late,
EMP-0026,2026-06-04,PROJ-013,Meetings,36.9,True,Danielle Mcdaniel,Pending,2026-06-04,Late,
EMP-0026,2026-05-14,PROJ-034,Development,37.1,False,Lisa James,Approved,2026-05-12,On Time,
EMP-0026,2026-05-07,PROJ-002,Development,21.4,True,Jeremy Smith,Approved,2026-05-07,On Time,
EMP-0026,2026-04-30,PROJ-009,Admin,36.4,True,Andrea Lee,Approved,2026-04-29,On Time,
EMP-0026,2026-04-23,PROJ-005,Admin,43.1,False,Brenda Harris,Pending,2026-04-21,On Time,
EMP-0027,2026-06-11,PROJ-005,Meetings,39.4,False,Kevin Guerra,Pending,2026-06-09,On Time,
EMP-0027,2026-06-04,PROJ-017,Testing,31.0,False,Cynthia Miller,Approved,2026-06-01,On Time,
EMP-0027,2026-05-28,PROJ-007,Testing,33.5,False,Emily Griffith,Approved,2026-05-28,On Time,
EMP-0027,2026-05-21,PROJ-007,Development,21.8,False,Christopher Wright,Pending,2026-05-21,On Time,
EMP-0027,2026-05-07,PROJ-003,Admin,26.7,False,Jerome Reid,Pending,2026-05-07,Late,
EMP-0027,2026-04-30,PROJ-032,Admin,30.9,True,Richard Miller,Approved,2026-04-30,On Time,
EMP-0027,2026-04-23,PROJ-031,Development,34.2,False,Jennifer Jackson,Pending,2026-04-21,On Time,
EMP-0028,2026-06-04,PROJ-006,Meetings,33.4,False,Jonathan Moss,Approved,2026-06-01,On Time,
EMP-0028,2026-05-28,PROJ-012,Development,44.2,True,Sally Leon,Pending,2026-05-25,On Time,
EMP-0028,2026-05-21,PROJ-023,Admin,22.1,False,James Dickerson,Approved,2026-05-20,On Time,
EMP-0028,2026-05-14,PROJ-016,Admin,29.7,False,Tammy Larson,Pending,2026-05-11,On Time,
EMP-0028,2026-04-23,PROJ-003,Admin,23.0,False,Nicholas Scott,Approved,2026-04-22,On Time,
EMP-0029,2026-05-28,PROJ-031,Development,26.1,True,Jesse Brooks,Approved,2026-05-27,Late,
EMP-0029,2026-05-14,PROJ-007,Admin,35.3,True,Andrea Taylor,Approved,2026-05-14,On Time,
EMP-0029,2026-05-07,PROJ-015,Development,40.1,False,Christopher Lopez,Pending,2026-05-04,On Time,
EMP-0029,2026-04-23,PROJ-035,Testing,28.0,True,Jonathan Swanson,Approved,2026-04-22,On Time,
EMP-0030,2026-06-04,PROJ-027,Testing,37.4,True,Timothy Bentley DVM,Pending,2026-06-03,Late,
EMP-0030,2026-05-14,PROJ-025,Testing,20.4,False,John Davidson,Approved,2026-05-14,On Time,
EMP-0030,2026-05-07,PROJ-006,Meetings,30.4,False,Jennifer Williams,Approved,2026-05-06,On Time,
EMP-0030,2026-04-30,PROJ-034,Admin,30.3,True,Janice Cunningham,Approved,2026-04-29,Late,
EMP-0030,2026-04-23,PROJ-006,Meetings,28.7,True,Jeffrey Scott,Approved,2026-04-22,On Time,
EMP-0031,2026-06-11,PROJ-007,Meetings,41.6,True,Miranda Hicks,Pending,2026-06-10,On Time,
EMP-0031,2026-05-14,PROJ-031,Admin,24.4,True,Michael Horton DDS,Approved,2026-05-12,On Time,
EMP-0031,2026-05-07,PROJ-017,Meetings,35.4,False,Nancy Allen,Approved,2026-05-07,Late,
EMP-0031,2026-04-23,PROJ-011,Development,32.1,True,Robert Mccoy,Approved,2026-04-22,Late,
EMP-0032,2026-06-11,PROJ-021,Admin,25.0,False,Melissa Brewer,Approved,2026-06-11,On Time,
EMP-0032,2026-06-04,PROJ-016,Admin,41.7,False,Jesus Becker,Approved,2026-06-04,On Time,
EMP-0032,2026-05-28,PROJ-004,Admin,23.6,False,Lance Lynn,Approved,2026-05-25,On Time,
EMP-0032,2026-05-14,PROJ-023,Meetings,25.1,True,Alexandria Wise,Approved,2026-05-14,On Time,
EMP-0032,2026-04-30,PROJ-030,Admin,24.3,False,Sydney Sanders,Approved,2026-04-28,Late,
EMP-0032,2026-04-23,PROJ-011,Testing,22.2,False,Stephanie Stone,Approved,2026-04-20,On Time,
EMP-0033,2026-06-11,PROJ-028,Testing,26.2,False,Jay Gallegos,Approved,2026-06-10,Late,
EMP-0033,2026-06-04,PROJ-027,Development,21.0,False,Eric Ponce,Approved,2026-06-01,Late,
EMP-0033,2026-05-28,PROJ-007,Admin,32.4,True,Janet Parker,Approved,2026-05-25,On Time,
EMP-0033,2026-05-14,PROJ-006,Development,32.0,False,Shawn Luna,Approved,2026-05-11,Late,
EMP-0033,2026-05-07,PROJ-002,Admin,31.6,True,Mark Frank,Pending,2026-05-06,On Time,
EMP-0033,2026-04-30,PROJ-001,Development,29.6,False,Charles Goodman,Approved,2026-04-28,On Time,
EMP-0033,2026-04-23,PROJ-035,Testing,39.7,True,Jennifer Parker,Pending,2026-04-23,Late,
EMP-0034,2026-06-11,PROJ-024,Development,22.8,False,Dr. April Jones,Pending,2026-06-11,On Time,
EMP-0034,2026-06-04,PROJ-005,Testing,23.5,False,Kelly Pena,Approved,2026-06-04,Late,
EMP-0034,2026-05-28,PROJ-014,Testing,28.0,False,Carolyn Brooks,Pending,2026-05-26,On Time,
EMP-0034,2026-05-14,PROJ-032,Development,31.8,False,Christina White,Pending,2026-05-12,Late,
EMP-0034,2026-05-07,PROJ-005,Testing,42.3,False,Joanne Olsen,Approved,2026-05-07,On Time,
EMP-0034,2026-04-30,PROJ-019,Development,22.7,False,Anthony White,Approved,2026-04-29,On Time,
EMP-0034,2026-04-23,PROJ-014,Development,27.3,True,Deanna Barrera,Pending,2026-04-21,On Time,
EMP-0035,2026-06-11,PROJ-002,Meetings,24.7,True,Mark Weber,Approved,2026-06-09,On Time,
EMP-0035,2026-06-04,PROJ-021,Admin,34.8,False,Carol Carter,Pending,2026-06-02,Late,
EMP-0035,2026-05-21,PROJ-011,Meetings,25.7,False,Donald Peterson,Pending,2026-05-21,On Time,
EMP-0035,2026-05-14,PROJ-030,Testing,35.5,True,Karen Chambers,Pending,2026-05-13,On Time,
EMP-0035,2026-05-07,PROJ-010,Testing,25.9,True,Antonio Walton,Pending,2026-05-06,On Time,
EMP-0035,2026-04-30,PROJ-012,Testing,34.1,True,Kevin Huerta,Pending,2026-04-28,On Time,
EMP-0035,2026-04-23,PROJ-035,Testing,33.3,True,Joseph Smith,Approved,2026-04-20,On Time,
EMP-0036,2026-06-11,PROJ-030,Meetings,23.9,False,Victoria Juarez,Pending,2026-06-08,On Time,
EMP-0036,2026-06-04,PROJ-010,Admin,28.5,True,Kara Rogers,Pending,2026-06-04,On Time,
EMP-0036,2026-05-28,PROJ-008,Meetings,20.6,True,Jacob Wu,Pending,2026-05-26,On Time,
EMP-0036,2026-05-21,PROJ-013,Testing,39.5,False,Dr. Teresa Ortega MD,Approved,2026-05-21,On Time,
EMP-0036,2026-05-14,PROJ-029,Development,44.4,False,Henry Rivera,Approved,2026-05-11,On Time,
EMP-0036,2026-05-07,PROJ-033,Development,42.7,False,Jesus Hale,Pending,2026-05-06,Late,
EMP-0036,2026-04-30,PROJ-024,Admin,29.3,False,Stacy Taylor,Pending,2026-04-28,On Time,
EMP-0036,2026-04-23,PROJ-006,Testing,38.2,False,Sheila Ramirez,Pending,2026-04-20,On Time,
EMP-0037,2026-06-11,PROJ-028,Admin,23.5,True,Robin Richardson,Approved,2026-06-10,On Time,
EMP-0037,2026-06-04,PROJ-034,Meetings,21.7,False,Mary Alvarez,Approved,2026-06-04,On Time,
EMP-0037,2026-05-28,PROJ-018,Admin,24.4,False,Cole Andersen,Approved,2026-05-27,On Time,
EMP-0037,2026-05-21,PROJ-019,Admin,21.1,False,Robin Smith,Pending,2026-05-18,Late,
EMP-0037,2026-05-14,PROJ-015,Development,39.8,True,Angel Aguirre,Pending,2026-05-12,Late,
EMP-0037,2026-05-07,PROJ-031,Development,36.3,False,Jeremy Lawson,Pending,2026-05-06,On Time,
EMP-0037,2026-04-30,PROJ-016,Development,23.0,False,Lonnie Miller,Pending,2026-04-30,Late,
EMP-0037,2026-04-23,PROJ-031,Admin,41.7,False,Timothy Galvan,Approved,2026-04-21,Late,
EMP-0038,2026-06-11,PROJ-002,Meetings,24.1,True,Dr. Susan Navarro,Approved,2026-06-09,On Time,
EMP-0038,2026-06-04,PROJ-009,Meetings,24.1,False,Cory Thomas,Pending,2026-06-01,Late,
EMP-0038,2026-05-28,PROJ-023,Development,27.2,True,Laura Vincent,Approved,2026-05-27,On Time,
EMP-0038,2026-05-21,PROJ-011,Meetings,41.8,False,Bethany Robles,Pending,2026-05-19,On Time,
EMP-0038,2026-05-14,PROJ-023,Testing,20.3,False,Michael Dunn,Pending,2026-05-11,On Time,
EMP-0038,2026-05-07,PROJ-011,Development,25.4,True,Carol Griffin,Approved,2026-05-07,On Time,
EMP-0038,2026-04-30,PROJ-005,Development,40.5,True,Matthew Allen,Pending,2026-04-28,On Time,
EMP-0038,2026-04-23,PROJ-009,Admin,42.2,False,Paul Keller,Approved,2026-04-21,On Time,
EMP-0039,2026-06-11,PROJ-008,Testing,23.2,True,Jeffrey Baldwin,Approved,2026-06-09,On Time,
EMP-0039,2026-06-04,PROJ-006,Admin,37.3,True,Timothy Orr,Approved,2026-06-04,On Time,
EMP-0039,2026-05-28,PROJ-003,Testing,22.7,True,Connie Scott,Pending,2026-05-28,On Time,
EMP-0039,2026-05-14,PROJ-001,Development,39.6,True,Steven Martinez,Approved,2026-05-13,Late,
EMP-0039,2026-05-07,PROJ-006,Testing,41.1,False,Joseph Swanson,Pending,2026-05-05,On Time,
EMP-0039,2026-04-30,PROJ-016,Development,22.5,True,Michael Wiggins,Approved,2026-04-29,On Time,
EMP-0039,2026-04-23,PROJ-035,Development,44.3,True,Pamela Burke,Approved,2026-04-20,On Time,
EMP-0040,2026-06-11,PROJ-012,Admin,36.8,True,Jamie Love,Approved,2026-06-09,On Time,
EMP-0040,2026-06-04,PROJ-033,Testing,30.2,False,Jane May,Approved,2026-06-01,On Time,
EMP-0040,2026-05-28,PROJ-032,Meetings,37.6,True,Savannah Stokes,Approved,2026-05-26,On Time,
EMP-0040,2026-05-14,PROJ-020,Admin,25.6,False,Brian Miller,Pending,2026-05-11,On Time,
EMP-0040,2026-05-07,PROJ-031,Meetings,24.5,False,Patrick Pineda,Approved,2026-05-04,On Time,
EMP-0040,2026-04-30,PROJ-006,Development,23.6,False,Audrey Richardson,Approved,2026-04-29,On Time,
EMP-0040,2026-04-23,PROJ-013,Meetings,25.0,False,Tiffany Ray,Approved,2026-04-22,On Time,
EMP-0041,2026-06-11,PROJ-018,Meetings,38.9,False,Antonio Nichols,Pending,2026-06-08,Late,
EMP-0041,2026-06-04,PROJ-026,Admin,32.8,True,Veronica Flores,Pending,2026-06-04,On Time,
EMP-0041,2026-05-28,PROJ-032,Testing,35.7,True,Michael Hogan,Approved,2026-05-28,Late,
EMP-0041,2026-05-07,PROJ-012,Admin,35.1,False,Lindsay Walker,Approved,2026-05-05,Late,
EMP-0041,2026-04-30,PROJ-005,Admin,39.8,True,Joshua Murray,Pending,2026-04-27,On Time,
EMP-0041,2026-04-23,PROJ-035,Meetings,40.2,True,Tommy Hood,Approved,2026-04-20,On Time,
EMP-0042,2026-06-11,PROJ-021,Admin,31.1,True,Mr. Kyle Thomas DDS,Approved,2026-06-10,Late,
EMP-0042,2026-06-04,PROJ-020,Testing,32.3,True,Michele George,Pending,2026-06-01,On Time,
EMP-0042,2026-05-28,PROJ-032,Admin,31.9,True,William Martinez,Approved,2026-05-25,On Time,
EMP-0042,2026-05-21,PROJ-025,Meetings,39.2,False,Michelle Mendoza DVM,Pending,2026-05-21,On Time,
EMP-0042,2026-05-14,PROJ-009,Meetings,28.7,True,Michael Bennett DVM,Pending,2026-05-11,On Time,
EMP-0042,2026-05-07,PROJ-023,Admin,28.8,True,Ronald Clark,Approved,2026-05-06,Late,
EMP-0042,2026-04-30,PROJ-006,Development,41.7,True,Rita Graves,Pending,2026-04-29,On Time,
EMP-0042,2026-04-23,PROJ-003,Admin,36.4,False,Sean White,Pending,2026-04-21,On Time,
EMP-0043,2026-06-11,PROJ-002,Meetings,29.4,False,Mr. William Hopkins,Pending,2026-06-11,On Time,
EMP-0043,2026-05-28,PROJ-022,Admin,32.6,False,Wendy Kelley,Approved,2026-05-26,On Time,
EMP-0043,2026-05-21,PROJ-013,Admin,35.9,True,Michael Mooney,Approved,2026-05-19,On Time,
EMP-0043,2026-05-07,PROJ-026,Testing,35.6,True,Jeanne Rose,Approved,2026-05-05,On Time,
EMP-0043,2026-04-23,PROJ-031,Admin,25.2,True,Michael Lee,Pending,2026-04-21,On Time,
EMP-0044,2026-06-11,PROJ-021,Testing,30.4,False,Jennifer Anderson,Pending,2026-06-10,On Time,
EMP-0044,2026-06-04,PROJ-034,Testing,34.4,True,Lauren Trujillo,Pending,2026-06-02,Late,
EMP-0044,2026-05-28,PROJ-028,Development,33.1,False,Michelle Ellis,Pending,2026-05-27,On Time,
EMP-0044,2026-05-21,PROJ-020,Admin,30.3,True,Chad Dominguez,Approved,2026-05-18,On Time,
EMP-0044,2026-05-14,PROJ-011,Meetings,37.2,True,Charles Robinson,Pending,2026-05-13,On Time,
EMP-0044,2026-04-23,PROJ-020,Admin,32.1,False,Nancy Smith,Pending,2026-04-23,On Time,
EMP-0045,2026-06-11,PROJ-009,Development,26.5,False,Laura Gregory,Approved,2026-06-11,Late,
EMP-0045,2026-06-04,PROJ-002,Development,41.5,True,Brittany Clements MD,Pending,2026-06-02,On Time,
EMP-0045,2026-05-28,PROJ-027,Meetings,36.8,True,Tammy Davis,Pending,2026-05-27,On Time,
EMP-0045,2026-05-14,PROJ-008,Meetings,32.4,True,Catherine Williams,Approved,2026-05-14,On Time,
EMP-0045,2026-05-07,PROJ-025,Testing,43.4,True,Miss Leslie Booker,Approved,2026-05-07,On Time,
EMP-0045,2026-04-30,PROJ-018,Admin,30.2,True,Jennifer Johnson,Pending,2026-04-28,Late,
EMP-0045,2026-04-23,PROJ-021,Admin,31.9,True,John Watts,Pending,2026-04-22,On Time,
EMP-0046,2026-06-11,PROJ-024,Meetings,20.5,True,Marissa Bennett,Approved,2026-06-10,On Time,
EMP-0046,2026-06-04,PROJ-020,Meetings,42.6,True,Rebecca Barrett,Approved,2026-06-01,On Time,
EMP-0046,2026-05-21,PROJ-017,Meetings,22.3,True,Sharon Santos,Pending,2026-05-20,On Time,
EMP-0046,2026-05-14,PROJ-021,Admin,39.7,False,Matthew Richardson,Approved,2026-05-11,On Time,
EMP-0046,2026-05-07,PROJ-022,Admin,41.9,True,Bradley Burns,Approved,2026-05-05,Late,
EMP-0046,2026-04-23,PROJ-021,Admin,37.4,True,Katrina Johnson,Approved,2026-04-20,Late,
EMP-0047,2026-06-04,PROJ-020,Meetings,34.4,True,Laura Hill,Approved,2026-06-03,Late,
EMP-0047,2026-05-28,PROJ-009,Admin,39.8,False,Rebecca White,Pending,2026-05-25,Late,
EMP-0047,2026-05-14,PROJ-021,Meetings,25.0,False,Mr. Jeffrey Duncan,Pending,2026-05-13,On Time,
EMP-0047,2026-05-07,PROJ-015,Development,43.7,True,Arthur Stout,Approved,2026-05-04,On Time,
EMP-0047,2026-04-30,PROJ-011,Development,30.0,False,Cathy Hess,Pending,2026-04-29,On Time,
EMP-0047,2026-04-23,PROJ-011,Development,20.4,False,Justin Herrera,Pending,2026-04-20,On Time,
EMP-0048,2026-06-11,PROJ-014,Testing,43.7,False,Katherine Stone,Pending,2026-06-08,On Time,
EMP-0048,2026-05-28,PROJ-014,Meetings,38.2,True,Michelle Tyler,Pending,2026-05-27,On Time,
EMP-0048,2026-05-21,PROJ-002,Meetings,44.4,True,Paul Sheppard,Pending,2026-05-20,On Time,
EMP-0048,2026-05-14,PROJ-030,Development,20.3,True,Catherine George,Pending,2026-05-11,Late,
EMP-0048,2026-05-07,PROJ-025,Admin,38.4,False,Justin Mcbride,Approved,2026-05-07,Late,
EMP-0048,2026-04-23,PROJ-016,Admin,42.7,True,Carl Harris,Approved,2026-04-21,Late,
EMP-0049,2026-06-11,PROJ-020,Admin,36.8,True,Justin York,Approved,2026-06-10,On Time,
EMP-0049,2026-06-04,PROJ-032,Meetings,41.9,True,William Hunter,Approved,2026-06-02,Late,
EMP-0049,2026-05-28,PROJ-010,Meetings,22.9,True,Joshua Henderson,Approved,2026-05-25,On Time,
EMP-0049,2026-05-21,PROJ-028,Meetings,42.6,False,April Turner,Pending,2026-05-19,On Time,
EMP-0049,2026-05-14,PROJ-021,Admin,39.1,True,Kelly Patton,Pending,2026-05-14,On Time,
EMP-0049,2026-04-30,PROJ-003,Admin,26.5,False,Jill Ray,Pending,2026-04-30,On Time,
EMP-0050,2026-06-11,PROJ-032,Admin,32.3,True,Kelly Andersen,Approved,2026-06-09,On Time,
EMP-0050,2026-06-04,PROJ-019,Testing,40.9,False,Joshua Clark,Approved,2026-06-04,Late,
EMP-0050,2026-05-28,PROJ-012,Admin,43.0,True,Robert Young,Pending,2026-05-28,On Time,
EMP-0050,2026-05-14,PROJ-008,Admin,29.3,True,Elijah Wall,Pending,2026-05-13,On Time,
EMP-0050,2026-04-30,PROJ-031,Admin,35.7,False,Lindsey Robinson,Approved,2026-04-28,On Time,
EMP-0050,2026-04-23,PROJ-029,Meetings,43.7,True,Carl Dean,Approved,2026-04-23,Late,
EMP-0051,2026-06-11,PROJ-004,Development,33.7,False,David James,Approved,2026-06-08,On Time,
EMP-0051,2026-06-04,PROJ-026,Development,20.5,True,Jennifer Miller,Approved,2026-06-01,On Time,
EMP-0051,2026-05-28,PROJ-010,Development,27.5,False,Jeffery Neal,Pending,2026-05-27,On Time,
EMP-0051,2026-05-21,PROJ-024,Testing,32.2,False,Andrea Oconnor,Pending,2026-05-19,Late,
EMP-0051,2026-05-14,PROJ-006,Admin,40.3,True,Melissa Lee MD,Pending,2026-05-11,On Time,
EMP-0051,2026-04-30,PROJ-030,Testing,36.2,True,Samantha Jacobs,Pending,2026-04-30,On Time,
EMP-0051,2026-04-23,PROJ-006,Admin,27.5,True,Christian Riddle,Pending,2026-04-22,Late,
EMP-0052,2026-06-11,PROJ-004,Development,42.9,True,Alexander Munoz,Pending,2026-06-08,On Time,
EMP-0052,2026-06-04,PROJ-017,Meetings,26.4,True,Caleb Rodriguez,Approved,2026-06-04,Late,
EMP-0052,2026-05-28,PROJ-012,Testing,41.1,True,Andrea Bowman,Approved,2026-05-25,Late,
EMP-0052,2026-05-21,PROJ-030,Admin,35.6,False,Gavin Nelson,Pending,2026-05-20,On Time,
EMP-0052,2026-05-14,PROJ-017,Development,30.8,True,Courtney Smith,Approved,2026-05-11,On Time,
EMP-0052,2026-04-30,PROJ-030,Admin,41.7,False,Wayne Gray,Pending,2026-04-28,Late,
EMP-0052,2026-04-23,PROJ-026,Meetings,22.2,True,Timothy Thompson,Approved,2026-04-22,On Time,
EMP-0053,2026-06-11,PROJ-013,Development,25.2,True,Elizabeth Nicholson,Approved,2026-06-08,Late,
EMP-0053,2026-06-04,PROJ-035,Testing,22.2,False,Joseph Graves PhD,Approved,2026-06-01,On Time,
EMP-0053,2026-05-21,PROJ-010,Admin,44.1,False,Lisa Mosley,Approved,2026-05-18,Late,
EMP-0053,2026-05-14,PROJ-019,Admin,21.3,True,Travis Price,Approved,2026-05-11,On Time,
EMP-0053,2026-05-07,PROJ-019,Development,32.2,False,Patrick Faulkner,Pending,2026-05-06,Late,
EMP-0054,2026-06-11,PROJ-005,Meetings,42.3,False,Linda Atkinson,Pending,2026-06-11,On Time,
EMP-0054,2026-06-04,PROJ-023,Admin,37.4,True,Cameron Smith,Approved,2026-06-02,Late,
EMP-0054,2026-05-28,PROJ-023,Admin,25.8,True,Brittney Martinez,Pending,2026-05-25,On Time,
EMP-0054,2026-05-21,PROJ-025,Admin,40.8,False,Nicolas Brown,Pending,2026-05-20,Late,
EMP-0054,2026-05-14,PROJ-006,Admin,23.2,True,Vanessa Zimmerman,Approved,2026-05-11,On Time,
EMP-0054,2026-05-07,PROJ-032,Meetings,25.9,True,Lee Mann,Approved,2026-05-05,On Time,
EMP-0054,2026-04-30,PROJ-011,Testing,40.7,True,William Lindsey,Approved,2026-04-28,On Time,
EMP-0055,2026-06-11,PROJ-015,Admin,26.4,False,Desiree Patterson,Pending,2026-06-11,Late,
EMP-0055,2026-06-04,PROJ-010,Development,37.7,False,Sierra Cervantes,Pending,2026-06-04,On Time,
EMP-0055,2026-05-28,PROJ-007,Development,32.7,True,Scott Meza,Approved,2026-05-27,On Time,
EMP-0055,2026-05-21,PROJ-019,Admin,39.0,False,Erik Davis,Approved,2026-05-20,Late,
EMP-0055,2026-05-14,PROJ-009,Development,41.2,False,Nicholas Duffy,Pending,2026-05-14,On Time,
EMP-0055,2026-05-07,PROJ-031,Meetings,27.2,True,Anthony Paul,Approved,2026-05-05,On Time,
EMP-0055,2026-04-30,PROJ-027,Meetings,35.7,True,Katherine Baxter,Approved,2026-04-27,On Time,
EMP-0056,2026-06-11,PROJ-027,Admin,43.8,False,Jessica Romero,Approved,2026-06-08,On Time,
EMP-0056,2026-06-04,PROJ-034,Development,22.1,False,Karen Robertson,Pending,2026-06-03,On Time,
EMP-0056,2026-05-21,PROJ-010,Development,44.4,False,Dr. Melissa Sullivan DDS,Pending,2026-05-18,Late,
EMP-0056,2026-05-14,PROJ-020,Meetings,42.7,True,Nichole Klein,Pending,2026-05-13,Late,
EMP-0056,2026-05-07,PROJ-014,Admin,37.4,False,Nicole Sanchez,Approved,2026-05-05,On Time,
EMP-0056,2026-04-23,PROJ-009,Meetings,25.3,False,Tiffany Morrow,Pending,2026-04-22,On Time,
EMP-0057,2026-06-04,PROJ-017,Testing,40.8,False,Kelsey Lynch,Pending,2026-06-04,Late,
EMP-0057,2026-05-21,PROJ-033,Meetings,23.1,True,Traci Craig,Pending,2026-05-19,Late,
EMP-0057,2026-05-14,PROJ-030,Meetings,44.6,True,Kelly Walker,Pending,2026-05-12,On Time,
EMP-0057,2026-05-07,PROJ-009,Admin,33.0,True,Ryan Palmer,Approved,2026-05-05,Late,
EMP-0057,2026-04-30,PROJ-024,Admin,22.4,False,Jenny Gray,Pending,2026-04-30,On Time,
EMP-0058,2026-06-11,PROJ-031,Testing,31.2,False,Brian Sloan,Pending,2026-06-08,On Time,
EMP-0058,2026-06-04,PROJ-028,Admin,37.2,False,Joshua Miranda,Pending,2026-06-03,On Time,
EMP-0058,2026-05-28,PROJ-032,Admin,23.2,True,Edwin Carter,Approved,2026-05-25,On Time,
EMP-0058,2026-05-14,PROJ-024,Development,35.0,False,Oscar Carroll,Approved,2026-05-14,On Time,
EMP-0058,2026-05-07,PROJ-003,Testing,22.9,False,Eric Fitzpatrick,Pending,2026-05-05,On Time,
EMP-0058,2026-04-30,PROJ-010,Testing,39.6,False,Samantha Johnson,Approved,2026-04-28,On Time,
EMP-0058,2026-04-23,PROJ-032,Development,23.1,False,Luke Freeman,Approved,2026-04-23,On Time,
EMP-0059,2026-06-11,PROJ-020,Admin,42.5,False,Luis Murphy,Pending,2026-06-10,On Time,
EMP-0059,2026-06-04,PROJ-030,Admin,36.7,True,Aaron Zamora,Pending,2026-06-04,Late,
EMP-0059,2026-05-28,PROJ-027,Admin,25.8,False,Henry Garcia,Pending,2026-05-28,Late,
EMP-0059,2026-05-21,PROJ-018,Development,41.6,True,Bradley Robertson Jr.,Pending,2026-05-21,Late,
EMP-0059,2026-05-14,PROJ-013,Development,43.9,True,John Moore,Pending,2026-05-14,On Time,
EMP-0059,2026-05-07,PROJ-035,Testing,44.1,False,Courtney Foster,Approved,2026-05-06,Late,
EMP-0059,2026-04-30,PROJ-029,Development,40.2,False,Jeffrey White,Pending,2026-04-30,On Time,
EMP-0059,2026-04-23,PROJ-002,Meetings,30.9,False,Ashley Gonzales,Approved,2026-04-21,On Time,
EMP-0060,2026-06-11,PROJ-008,Development,33.5,False,Candice Gomez,Approved,2026-06-10,On Time,
EMP-0060,2026-06-04,PROJ-010,Meetings,43.8,True,Ian Harrell,Approved,2026-06-02,On Time,
EMP-0060,2026-05-14,PROJ-021,Testing,30.3,False,Colton Williams,Pending,2026-05-11,On Time,
EMP-0060,2026-04-30,PROJ-016,Admin,32.7,False,Patrick Santana,Approved,2026-04-28,On Time,
EMP-0060,2026-04-23,PROJ-027,Development,32.1,False,Cristian Mendoza,Approved,2026-04-23,On Time,
EMP-0061,2026-06-11,PROJ-007,Testing,39.1,True,Deborah Fisher,Pending,2026-06-08,On Time,
EMP-0061,2026-05-28,PROJ-014,Testing,29.3,True,Rebecca Klein,Approved,2026-05-25,Late,
EMP-0061,2026-05-21,PROJ-001,Admin,44.0,False,Phillip Macias,Approved,2026-05-21,On Time,
EMP-0061,2026-05-14,PROJ-031,Meetings,34.9,False,Tammy Cameron,Pending,2026-05-13,Late,
EMP-0061,2026-05-07,PROJ-019,Development,24.0,True,Brian Rodriguez,Pending,2026-05-07,On Time,
EMP-0061,2026-04-30,PROJ-009,Meetings,42.0,True,Christopher Porter,Pending,2026-04-28,Late,
EMP-0061,2026-04-23,PROJ-029,Meetings,26.1,False,Cynthia Gregory,Pending,2026-04-22,On Time,
EMP-0062,2026-06-11,PROJ-022,Development,42.9,True,William Mclaughlin,Approved,2026-06-08,On Time,
EMP-0062,2026-06-04,PROJ-012,Admin,33.9,False,Dylan Tucker,Pending,2026-06-04,Late,
EMP-0062,2026-05-28,PROJ-035,Development,42.3,False,Danielle Hernandez,Approved,2026-05-26,On Time,
EMP-0062,2026-05-21,PROJ-023,Admin,24.4,True,Danielle Wang,Approved,2026-05-18,On Time,
EMP-0062,2026-05-14,PROJ-029,Development,25.5,True,Wendy Wright,Pending,2026-05-12,On Time,
EMP-0062,2026-04-30,PROJ-020,Testing,25.9,False,Christina Mccarthy,Pending,2026-04-30,On Time,
EMP-0062,2026-04-23,PROJ-014,Development,24.9,False,Meredith Shaw,Approved,2026-04-21,Late,
EMP-0063,2026-06-11,PROJ-011,Testing,36.5,True,Willie Garza,Approved,2026-06-10,Late,
EMP-0063,2026-05-28,PROJ-015,Meetings,24.8,True,Crystal Anderson,Pending,2026-05-25,On Time,
EMP-0063,2026-05-21,PROJ-004,Meetings,30.8,False,William Hickman,Pending,2026-05-21,Late,
EMP-0063,2026-05-14,PROJ-032,Meetings,32.9,True,Luis Davis,Approved,2026-05-14,On Time,
EMP-0063,2026-05-07,PROJ-035,Admin,27.9,False,Jason Torres,Approved,2026-05-05,On Time,
EMP-0063,2026-04-30,PROJ-002,Testing,44.5,False,Crystal Rogers,Approved,2026-04-29,On Time,
EMP-0063,2026-04-23,PROJ-020,Development,35.6,True,Jordan Schneider,Approved,2026-04-20,On Time,
EMP-0064,2026-06-11,PROJ-022,Meetings,26.2,False,Derrick Ramirez,Approved,2026-06-09,On Time,
EMP-0064,2026-06-04,PROJ-034,Testing,43.6,False,Jason Flores,Approved,2026-06-01,Late,
EMP-0064,2026-05-21,PROJ-003,Admin,27.8,True,Andrew Williams,Approved,2026-05-21,On Time,
EMP-0064,2026-05-07,PROJ-028,Development,22.5,True,Christy Kennedy,Approved,2026-05-05,On Time,
EMP-0064,2026-04-30,PROJ-027,Testing,41.6,True,Ashlee Lopez,Pending,2026-04-27,On Time,
EMP-0064,2026-04-23,PROJ-007,Meetings,36.3,True,Heidi Torres,Pending,2026-04-21,Late,
EMP-0065,2026-06-11,PROJ-007,Development,34.9,True,Adam Arnold,Approved,2026-06-10,Late,
EMP-0065,2026-06-04,PROJ-023,Admin,32.0,False,Erin Figueroa,Approved,2026-06-03,On Time,
EMP-0065,2026-05-28,PROJ-004,Testing,27.8,False,Richard Rice,Pending,2026-05-26,Late,
EMP-0065,2026-05-21,PROJ-010,Testing,31.7,False,Matthew Clark,Pending,2026-05-19,On Time,
EMP-0065,2026-05-14,PROJ-010,Development,25.9,True,Stephen Anderson,Pending,2026-05-12,On Time,
EMP-0065,2026-05-07,PROJ-013,Development,28.5,False,Barbara Willis,Pending,2026-05-05,Late,
EMP-0065,2026-04-30,PROJ-022,Meetings,30.5,True,Martha Lee,Approved,2026-04-27,On Time,
EMP-0065,2026-04-23,PROJ-001,Testing,37.3,False,Tammy Jones,Approved,2026-04-22,On Time,
EMP-0066,2026-06-11,PROJ-022,Admin,25.1,True,Grace Swanson,Approved,2026-06-09,On Time,
EMP-0066,2026-05-14,PROJ-013,Meetings,21.1,True,Christina Le MD,Approved,2026-05-13,On Time,
EMP-0066,2026-05-07,PROJ-017,Testing,28.5,True,Joshua King,Approved,2026-05-06,On Time,
EMP-0066,2026-04-30,PROJ-017,Development,20.5,True,Sarah Meadows,Pending,2026-04-30,On Time,
EMP-0066,2026-04-23,PROJ-020,Admin,26.0,False,Stephanie West,Approved,2026-04-20,Late,
EMP-0067,2026-05-28,PROJ-013,Testing,33.3,False,Susan Jones,Pending,2026-05-25,Late,
EMP-0067,2026-05-21,PROJ-003,Testing,41.4,False,Timothy Gordon,Approved,2026-05-19,On Time,
EMP-0067,2026-05-07,PROJ-009,Admin,25.2,True,Kyle Horton,Pending,2026-05-07,On Time,
EMP-0067,2026-04-30,PROJ-033,Meetings,32.5,False,Angel Knight,Approved,2026-04-28,Late,
EMP-0067,2026-04-23,PROJ-031,Admin,31.8,False,Melissa Yang,Approved,2026-04-22,On Time,
EMP-0068,2026-06-11,PROJ-029,Testing,29.9,False,Michael Berg,Pending,2026-06-08,Late,
EMP-0068,2026-06-04,PROJ-024,Meetings,33.8,True,Carol Christensen,Approved,2026-06-02,On Time,
EMP-0068,2026-05-28,PROJ-015,Development,31.6,False,Richard Morales,Pending,2026-05-25,On Time,
EMP-0068,2026-05-21,PROJ-024,Admin,27.9,False,Clinton Moore,Approved,2026-05-20,On Time,
EMP-0068,2026-05-14,PROJ-005,Meetings,42.5,False,Michael Suarez,Approved,2026-05-12,On Time,
EMP-0069,2026-06-11,PROJ-013,Meetings,26.3,False,Joy Zimmerman,Approved,2026-06-10,Late,
EMP-0069,2026-06-04,PROJ-017,Development,39.3,False,Elizabeth Robinson,Pending,2026-06-01,On Time,
EMP-0069,2026-05-28,PROJ-001,Admin,36.4,True,Kristen Jackson,Pending,2026-05-27,On Time,
EMP-0069,2026-05-21,PROJ-014,Admin,25.8,False,David Williams,Pending,2026-05-19,On Time,
EMP-0069,2026-05-14,PROJ-013,Admin,39.3,False,Stephen Ho,Approved,2026-05-11,On Time,
EMP-0069,2026-05-07,PROJ-002,Meetings,23.5,True,Richard Day,Pending,2026-05-07,On Time,
EMP-0069,2026-04-30,PROJ-023,Meetings,25.6,False,Rodney Nichols,Pending,2026-04-28,On Time,
EMP-0069,2026-04-23,PROJ-003,Testing,23.8,False,Gregory Jacobs,Pending,2026-04-20,On Time,
EMP-0070,2026-06-11,PROJ-005,Admin,24.7,True,Bradley Thornton,Pending,2026-06-08,Late,
EMP-0070,2026-06-04,PROJ-006,Testing,22.6,True,Miranda Ortiz,Approved,2026-06-01,On Time,
EMP-0070,2026-05-28,PROJ-005,Admin,27.1,True,Erika Brown,Pending,2026-05-28,On Time,
EMP-0070,2026-05-14,PROJ-011,Meetings,41.5,False,Samantha Robinson,Pending,2026-05-13,On Time,
EMP-0070,2026-04-30,PROJ-005,Admin,43.9,True,Cassandra Bonilla,Approved,2026-04-29,On Time,
EMP-0070,2026-04-23,PROJ-031,Testing,35.1,False,Veronica Osborne,Approved,2026-04-20,On Time,
EMP-0071,2026-06-11,PROJ-010,Admin,21.6,False,Ashley Reese,Approved,2026-06-09,Late,
EMP-0071,2026-06-04,PROJ-030,Admin,34.4,True,Matthew Berg,Pending,2026-06-01,On Time,
EMP-0071,2026-05-28,PROJ-020,Admin,35.3,True,Kristen Montoya,Pending,2026-05-27,On Time,
EMP-0071,2026-05-21,PROJ-028,Admin,29.6,True,Derrick Perkins,Approved,2026-05-18,Late,
EMP-0071,2026-05-14,PROJ-016,Testing,26.8,False,Nicole Moore,Approved,2026-05-13,On Time,
EMP-0071,2026-05-07,PROJ-008,Meetings,21.9,True,Nicholas Richardson,Pending,2026-05-04,On Time,
EMP-0071,2026-04-30,PROJ-014,Development,31.6,True,Anna White,Pending,2026-04-27,On Time,
EMP-0071,2026-04-23,PROJ-013,Admin,20.9,False,Scott Lopez,Approved,2026-04-22,On Time,
EMP-0072,2026-06-11,PROJ-030,Admin,31.5,True,Nicholas Holland Jr.,Approved,2026-06-08,On Time,
EMP-0072,2026-06-04,PROJ-018,Testing,24.3,True,Christopher Long,Approved,2026-06-03,On Time,
EMP-0072,2026-05-21,PROJ-011,Development,36.8,True,Andrea Jones,Pending,2026-05-20,On Time,
EMP-0072,2026-05-14,PROJ-014,Development,42.3,True,Terry Waller,Pending,2026-05-14,Late,
EMP-0072,2026-05-07,PROJ-007,Admin,37.3,False,Joseph Acosta,Approved,2026-05-07,On Time,
EMP-0072,2026-04-30,PROJ-013,Testing,29.4,True,Lindsey Gray,Approved,2026-04-30,On Time,
EMP-0072,2026-04-23,PROJ-001,Meetings,40.5,True,Ronald Hines,Approved,2026-04-23,Late,
EMP-0073,2026-06-11,PROJ-011,Development,30.4,True,Amanda Wright,Pending,2026-06-09,Late,
EMP-0073,2026-06-04,PROJ-014,Admin,43.5,True,Charles Burton,Approved,2026-06-03,On Time,
EMP-0073,2026-05-28,PROJ-012,Development,30.1,False,Vincent Rosario,Approved,2026-05-25,On Time,
EMP-0073,2026-05-21,PROJ-005,Meetings,36.2,False,Noah Morgan,Approved,2026-05-21,On Time,
EMP-0073,2026-05-14,PROJ-032,Development,37.8,True,Christina Castillo,Pending,2026-05-14,Late,
EMP-0073,2026-05-07,PROJ-025,Testing,28.3,False,Jill Martin,Pending,2026-05-07,On Time,
EMP-0073,2026-04-23,PROJ-029,Admin,32.8,True,Christopher Brown,Approved,2026-04-22,On Time,
EMP-0074,2026-06-11,PROJ-008,Meetings,25.9,False,Lori Martinez,Approved,2026-06-11,On Time,
EMP-0074,2026-05-28,PROJ-013,Testing,29.4,True,Ashley Phillips,Approved,2026-05-25,Late,
EMP-0074,2026-05-21,PROJ-009,Meetings,27.9,True,Sara Thomas,Pending,2026-05-19,On Time,
EMP-0074,2026-05-14,PROJ-022,Meetings,26.1,True,Allison Simmons,Approved,2026-05-13,Late,
EMP-0074,2026-05-07,PROJ-034,Meetings,24.6,True,Matthew Perez,Approved,2026-05-04,On Time,
EMP-0074,2026-04-30,PROJ-004,Testing,43.5,True,Janice Henson,Approved,2026-04-29,Late,
EMP-0074,2026-04-23,PROJ-014,Testing,32.7,False,Ashley Jackson,Pending,2026-04-21,On Time,
EMP-0075,2026-06-11,PROJ-016,Admin,24.4,True,Brian Sosa,Pending,2026-06-09,Late,
EMP-0075,2026-06-04,PROJ-013,Meetings,41.6,False,Luis Wilson,Approved,2026-06-02,On Time,
EMP-0075,2026-05-28,PROJ-031,Admin,30.6,False,Tamara Huang,Approved,2026-05-25,On Time,
EMP-0075,2026-05-21,PROJ-028,Development,39.0,False,Cassandra Moreno,Approved,2026-05-20,On Time,
EMP-0075,2026-05-14,PROJ-020,Admin,27.1,False,Meghan Hernandez,Approved,2026-05-12,On Time,
EMP-0075,2026-05-07,PROJ-013,Testing,42.9,True,Elizabeth Roth,Approved,2026-05-05,On Time,
EMP-0075,2026-04-30,PROJ-027,Admin,44.3,False,Brian Hendricks,Pending,2026-04-27,On Time,
EMP-0075,2026-04-23,PROJ-005,Admin,42.1,True,Tasha Cochran,Pending,2026-04-22,On Time,
EMP-0076,2026-06-11,PROJ-017,Meetings,32.7,False,Angela Smith,Pending,2026-06-11,Late,
EMP-0076,2026-06-04,PROJ-028,Testing,26.1,True,Brittany Rios,Pending,2026-06-04,Late,
EMP-0076,2026-05-28,PROJ-010,Meetings,35.1,True,James Griffith,Pending,2026-05-27,Late,
EMP-0076,2026-05-21,PROJ-011,Development,22.9,True,Karen Jones,Pending,2026-05-18,Late,
EMP-0076,2026-05-14,PROJ-006,Testing,41.9,True,Tina Ramirez,Pending,2026-05-12,Late,
EMP-0076,2026-05-07,PROJ-035,Admin,34.7,False,Zachary White,Approved,2026-05-07,Late,
EMP-0076,2026-04-30,PROJ-023,Testing,26.7,True,Francisco Coleman,Pending,2026-04-28,On Time,
EMP-0076,2026-04-23,PROJ-032,Development,22.4,False,Jennifer Leon,Pending,2026-04-21,Late,
EMP-0077,2026-06-11,PROJ-012,Meetings,24.7,True,Robert Valdez,Approved,2026-06-08,On Time,
EMP-0077,2026-06-04,PROJ-008,Admin,34.2,True,Jason Crawford,Approved,2026-06-03,On Time,
EMP-0077,2026-05-28,PROJ-013,Meetings,44.6,False,Kim Underwood,Pending,2026-05-28,Late,
EMP-0077,2026-05-21,PROJ-019,Development,29.4,False,Kevin Fisher,Approved,2026-05-19,On Time,
EMP-0077,2026-05-14,PROJ-031,Admin,36.8,True,Melissa Goodman,Approved,2026-05-14,On Time,
EMP-0077,2026-05-07,PROJ-001,Development,22.4,True,Cynthia Smith,Pending,2026-05-05,On Time,
EMP-0077,2026-04-30,PROJ-022,Admin,28.4,False,Alicia Grant DVM,Pending,2026-04-29,On Time,
EMP-0077,2026-04-23,PROJ-025,Development,44.4,False,Amy Bailey,Approved,2026-04-23,On Time,
EMP-0078,2026-06-11,PROJ-026,Testing,20.6,True,Sharon Fuentes,Pending,2026-06-10,On Time,
EMP-0078,2026-06-04,PROJ-031,Admin,36.5,True,Charles Castaneda,Pending,2026-06-04,Late,
EMP-0078,2026-05-28,PROJ-003,Meetings,36.9,True,Susan Sanchez,Pending,2026-05-25,Late,
EMP-0078,2026-05-21,PROJ-006,Meetings,30.7,False,Amy Taylor,Approved,2026-05-18,On Time,
EMP-0078,2026-05-14,PROJ-010,Development,23.2,True,Michele Bennett,Pending,2026-05-11,On Time,
EMP-0078,2026-05-07,PROJ-008,Admin,36.6,True,Vincent Watson,Approved,2026-05-06,On Time,
EMP-0078,2026-04-30,PROJ-006,Development,30.9,True,Mary Jones,Approved,2026-04-28,On Time,
EMP-0078,2026-04-23,PROJ-015,Meetings,36.6,True,Sheila Johnson,Approved,2026-04-20,On Time,
EMP-0079,2026-06-11,PROJ-022,Testing,43.3,True,Bob Jones,Pending,2026-06-08,Late,
EMP-0079,2026-06-04,PROJ-025,Admin,40.2,True,Robin Hernandez,Pending,2026-06-04,On Time,
EMP-0079,2026-05-14,PROJ-013,Development,34.3,True,Patrick Adkins,Pending,2026-05-11,Late,
EMP-0079,2026-05-07,PROJ-020,Development,34.8,True,Elizabeth Jenkins,Pending,2026-05-04,On Time,
EMP-0079,2026-04-30,PROJ-009,Testing,22.7,True,Richard Dominguez,Pending,2026-04-28,On Time,
EMP-0079,2026-04-23,PROJ-019,Testing,32.5,False,Christopher Ibarra,Approved,2026-04-21,On Time,
EMP-0080,2026-06-11,PROJ-003,Meetings,27.7,True,Paul Gordon,Pending,2026-06-08,Late,
EMP-0080,2026-06-04,PROJ-032,Meetings,37.6,False,Ronnie Frazier,Approved,2026-06-02,On Time,
EMP-0080,2026-05-28,PROJ-014,Testing,37.5,True,Kristen Gallegos,Approved,2026-05-25,Late,
EMP-0080,2026-05-21,PROJ-011,Development,33.7,False,Kathryn Fletcher,Pending,2026-05-18,On Time,
EMP-0080,2026-05-14,PROJ-026,Development,33.2,False,Christopher Dudley,Pending,2026-05-13,Late,
EMP-0080,2026-05-07,PROJ-026,Development,23.3,True,Vanessa Martinez,Pending,2026-05-04,Late,
EMP-0080,2026-04-30,PROJ-009,Admin,37.4,False,Manuel Robinson,Approved,2026-04-29,On Time,
EMP-0080,2026-04-23,PROJ-013,Development,29.1,True,Paul Hansen,Approved,2026-04-20,On Time,
